資料年月,代號,名稱,市場,產業別,YoY%,相對強度,季報期別,存貨周轉天期,存貨周轉天期(上季),應收帳款收現天期,應收帳款收現天期(上季),二次確認
11508,1438,三地開發,TWSE,M25A 建設,41420.552147239265,41398.38697433421,2026-06-30,-3472.119452182199,3203.6095749903566,-0.018537686505533228,24.862353202976607,存貨周轉加快、收現變快
11508,2905,三商,TWSE,M29A 百貨批發,7187.402448021923,7184.559363175151,,,,,,無季報資料（可能為金融股或近期上市）
11508,1456,怡華,TWSE,M25A 建設,6526.080375163244,6503.91520225819,2026-06-30,-17381.89120308503,6831.623042674985,-23.221871004404033,8.367792205419576,存貨周轉加快、收現變快
11508,6535,順藥,TPEx,M17C 藥,5135.838150289017,5121.902939968171,2026-06-30,10673.030732860521,3331.334146341463,679.1896284829721,177.94021860361366,存貨周轉轉慢、收現變慢
11508,5529,鉅陞,TPEx,M25A 建設,3702.282608695652,3680.117435790598,2026-06-30,-9941.465155654203,1655.57349108829,-10.334793560398642,14.75703609146199,存貨周轉加快、收現變快
11508,5205,中茂,TPEx,M99L 資源回收,2617.5182481751826,2601.95067326668,2026-06-30,41.359207708779444,8.837787399223648,2183.170406732118,170.0624034003091,存貨周轉轉慢、收現變慢
11508,4113,聯上,TPEx,M25A 建設,2252.2927328556807,2230.1275599506266,2026-06-30,10014.312507865592,102275.49217462931,3.090732654051431,0.20797147819727582,存貨周轉加快、收現變慢
11508,5386,青雲,TPEx,M23T 電子通路,1846.2079589216944,1811.0160192158366,2026-06-30,-278.878173247479,33.07054621298056,-174.3838139203487,24.205454791791155,存貨周轉加快、收現變快
11508,5525,順天,TWSE,M25A 建設,1699.2086400934063,1677.0434671883522,2026-06-30,4903.154088303717,1283.6524948524334,17.994125606924648,8.980827683712258,存貨周轉轉慢、收現變慢
11508,8937,合騏*,TPEx,M22A 汽車製造,1403.095975232198,1304.5990145910462,2026-06-30,103.70341553474879,44.43716495605155,225.51679339298954,42.95428392817865,存貨周轉轉慢、收現變慢
11508,2596,綠意,TPEx,M25A 建設,1287.8783165883854,1265.7131436833313,2026-06-30,1451.5573153908222,4851.966130471422,64.44342751842751,368.2921381774866,存貨周轉加快、收現變快
11508,8926,台汽電,TWSE,M99D 公用事業,1263.6234640055363,1248.1237791323845,2026-06-30,0.12072443982501797,0.05544816863267818,14.902438419569979,6.735093077381175,存貨周轉持平、收現變慢
11508,6461,益得,TPEx,M17C 藥,1102.9787234042553,1089.0435130834094,2026-06-30,1724.922068749019,167.6655593209021,195.0320987654321,12.454643505903723,存貨周轉轉慢、收現變慢
11508,1591,駿吉-KY,TPEx,M20B 金屬製品,927.8923253150057,890.2281685108536,2026-06-30,-237.60816988031917,48.47623103127903,-257.92868831280686,20.701881233000908,存貨周轉加快、收現變快
11508,7610,聯友金屬-創,TWSE,M99L 資源回收,852.6321978095814,837.0646229010789,2026-06-30,430.3510677563934,391.7425241234356,29.195370540391657,18.984964522582164,存貨周轉轉慢、收現變慢
11508,4402,郡都開發,TPEx,M25A 建設,840.3707518022657,818.2055788972116,2026-06-30,41.70473933649289,15.54988020039207,358.47027741083224,148.4353115727003,存貨周轉轉慢、收現變慢
11508,6654,天正國際,TPEx,M23H 電子設備,848.7643215604583,806.247151553965,2026-06-30,377.057628338289,283.9388531826331,471.0630357802869,300.4549851098915,存貨周轉轉慢、收現變慢
11508,6486,互動,TPEx,M23K 通信網路,825.8113558796152,798.9941642259354,2026-06-30,1320.7554628945425,289.9230570877618,436.1312313631648,160.02904183367272,存貨周轉轉慢、收現變慢
11508,2258,鴻華先進-創,TWSE,M22A 汽車製造,726.0737499660993,627.5767893249474,2026-06-30,296.3834563095004,188.66209859069292,3.8490828117007694,2.095436761052548,存貨周轉轉慢、收現變慢
11508,5508,永信建,TPEx,M25A 建設,633.6485802383911,611.483407333337,2026-06-30,8772.607836243007,4063.188423382799,10.22418951922962,3.2894514585475743,存貨周轉轉慢、收現變慢
11508,3006,晶豪科,TWSE,M23G 半導體,605.2432014317565,575.9654839423317,2026-06-30,1231.6698671742565,167.9134713115571,53.70970569150922,34.010781970303704,存貨周轉轉慢、收現變慢
11508,5289,宜鼎,TPEx,M23G 半導體,576.2927682888633,547.0150507994385,2026-06-30,428.00473412091867,116.0957318626048,126.30023163218135,42.525033665569055,存貨周轉轉慢、收現變慢
11508,2408,南亞科,TWSE,M23G 半導體,560.8541425724004,531.5764250829757,2026-06-30,1783.2335388317697,149.01107176052963,89.05554199296454,38.73880761176926,存貨周轉轉慢、收現變慢
11508,5455,昇益,TPEx,M25A 建設,546.5800865800866,524.4149136750325,2026-06-30,-92974.6457712583,77083.89305555556,,,存貨周轉加快
11508,5351,鈺創,TPEx,M23G 半導體,525.3153245373534,496.03760704792865,2026-06-30,478.98690760302503,149.2786706690972,68.3730216329508,40.39287445547508,存貨周轉轉慢、收現變慢
11508,6547,高端疫苗,TPEx,M17C 藥,416.8601727342298,402.92496241338387,2026-06-30,-8165.004609544469,1461.6341591002504,1216.5646736149206,105.81675036816071,存貨周轉加快、收現變慢
11508,3631,晟楠,TPEx,M23B 印刷電路板,421.939736346516,381.3568957429359,2026-06-30,63556.738390092876,2740.391174473863,10683.166666666666,73.34517061242637,存貨周轉轉慢、收現變慢
11508,2465,麗臺,TWSE,M23A 電腦及週邊,383.2629286702524,347.43602704026296,2026-06-30,100.39609031003076,40.24681844733526,36.65319750089963,16.55166493753457,存貨周轉轉慢、收現變慢
11508,8299,群聯,TPEx,M23G 半導體,376.5177219159828,347.2400044265581,2026-06-30,946.776878017523,313.58911418536735,97.53592597282531,36.28343003688851,存貨周轉轉慢、收現變慢
11508,2059,川湖,TWSE,M20B 金屬製品,344.4151275890319,306.7509707848798,2026-06-30,914.903935697704,94.08269241865949,135.16050116758942,84.57026675657946,存貨周轉轉慢、收現變慢
