資料年月,代號,名稱,市場,產業別,YoY%,MoM%,產業中位YoY%,同業家數,相對強度
11508,1438,三地開發,TWSE,M25A 建設,41420.552147239265,920.6122602860231,22.16517290505406,74,41398.38697433421
11508,2905,三商,TWSE,M29A 百貨批發,7187.402448021923,1843.1472470257727,2.8430848467719483,24,7184.559363175151
11508,1456,怡華,TWSE,M25A 建設,6526.080375163244,2356.031552196442,22.16517290505406,74,6503.91520225819
11508,6535,順藥,TPEx,M17C 藥,5135.838150289017,11512.820512820514,13.935210320845938,75,5121.902939968171
11508,5529,鉅陞,TPEx,M25A 建設,3702.282608695652,347.15582257445993,22.16517290505406,74,3680.117435790598
11508,5205,中茂,TPEx,M99L 資源回收,2617.5182481751826,1130.7438016528927,15.567574908502475,28,2601.95067326668
11508,4113,聯上,TPEx,M25A 建設,2252.2927328556807,18.638710121485357,22.16517290505406,74,2230.1275599506266
11508,5386,青雲,TPEx,M23T 電子通路,1846.2079589216944,128.2967670044723,35.1919397058577,57,1811.0160192158366
11508,5525,順天,TWSE,M25A 建設,1699.2086400934063,20.578166603271207,22.16517290505406,74,1677.0434671883522
11508,8937,合騏*,TPEx,M22A 汽車製造,1403.095975232198,898.0727226005397,98.4969606411519,7,1304.5990145910462
11508,2596,綠意,TPEx,M25A 建設,1287.8783165883854,204.39964524491745,22.16517290505406,74,1265.7131436833313
11508,8926,台汽電,TWSE,M99D 公用事業,1263.6234640055363,14.432225970907743,15.499684873151953,15,1248.1237791323845
11508,6461,益得,TPEx,M17C 藥,1102.9787234042553,2579.620853080569,13.935210320845938,75,1089.0435130834094
11508,1591,駿吉-KY,TPEx,M20B 金屬製品,927.8923253150057,26.71750335380922,37.664156804152086,11,890.2281685108536
11508,7610,聯友金屬-創,TWSE,M99L 資源回收,852.6321978095814,16.824373387441483,15.567574908502475,28,837.0646229010789
11508,4402,郡都開發,TPEx,M25A 建設,840.3707518022657,422.66742987979393,22.16517290505406,74,818.2055788972116
11508,6654,天正國際,TPEx,M23H 電子設備,848.7643215604583,10.65965741548588,42.51717000649329,84,806.247151553965
11508,6486,互動,TPEx,M23K 通信網路,825.8113558796152,770.8527901003969,26.817191653679874,74,798.9941642259354
11508,2258,鴻華先進-創,TWSE,M22A 汽車製造,726.0737499660993,52.91692117175538,98.4969606411519,7,627.5767893249474
11508,5508,永信建,TPEx,M25A 建設,633.6485802383911,15.912949585361686,22.16517290505406,74,611.483407333337
11508,3006,晶豪科,TWSE,M23G 半導體,605.2432014317565,16.509798129958426,29.27771748942473,163,575.9654839423317
11508,5289,宜鼎,TPEx,M23G 半導體,576.2927682888633,2.1814849302103285,29.27771748942473,163,547.0150507994385
11508,2408,南亞科,TWSE,M23G 半導體,560.8541425724004,1.8753221767796826,29.27771748942473,163,531.5764250829757
11508,5455,昇益,TPEx,M25A 建設,546.5800865800866,14986.868686868687,22.16517290505406,74,524.4149136750325
11508,5351,鈺創,TPEx,M23G 半導體,525.3153245373534,6.360338061042983,29.27771748942473,163,496.03760704792865
11508,6547,高端疫苗,TPEx,M17C 藥,416.8601727342298,399.0099427920035,13.935210320845938,75,402.92496241338387
11508,3631,晟楠,TPEx,M23B 印刷電路板,421.939736346516,9.437314906219152,40.582840603580124,66,381.3568957429359
11508,2465,麗臺,TWSE,M23A 電腦及週邊,383.2629286702524,10.273586835402366,35.82690162998942,65,347.43602704026296
11508,8299,群聯,TPEx,M23G 半導體,376.5177219159828,4.101269556636891,29.27771748942473,163,347.2400044265581
11508,2059,川湖,TWSE,M20B 金屬製品,344.4151275890319,0.9194731722909152,37.664156804152086,11,306.7509707848798
11508,5514,三豐,TPEx,M25A 建設,319.29460580912865,32.26439790575916,22.16517290505406,74,297.1294329040746
11508,3266,昇陽,TWSE,M25A 建設,307.0065719737121,29.766357245854362,22.16517290505406,74,284.841399068658
11508,2344,華邦電,TWSE,M23G 半導體,289.42756449599915,2.000277964749722,29.27771748942473,163,260.1498470065744
11508,3260,威剛,TPEx,M23G 半導體,279.80697041038457,2.9717593574737884,29.27771748942473,163,250.52925292095983
11508,3664,安瑞-KY,TPEx,M23X 資訊服務,269.24933206929245,37.07448169951369,20.16137918832383,73,249.08795288096863
11508,4967,十銓,TWSE,M23G 半導體,275.0567709273065,38.03916961239043,29.27771748942473,163,245.77905343788177
11508,3661,世芯-KY,TWSE,M23G 半導體,273.61017160561573,18.069508063335714,29.27771748942473,163,244.332454116191
11508,2073,雄順,TPEx,M20A 基本金屬,249.78321391082105,4.260702771089254,11.847793061266259,53,237.9354208495548
11508,4523,永彰,TPEx,M15D 汽車組件,242.54279972526774,100.59138984060777,6.816747433041865,54,235.7260522922259
11508,5475,德宏,TPEx,M23B 印刷電路板,271.8799275827834,11.06324345065755,40.582840603580124,66,231.2970869792033
11508,2305,全友,TWSE,M23C 光電及I/O,239.98536640276163,1.490272068459548,9.849321993850566,130,230.13604440891106
11508,2419,仲琦,TWSE,M23K 通信網路,245.59047432473767,202.53346411088813,26.817191653679874,74,218.77328267105779
11508,5468,凱鈺,TPEx,M23G 半導體,232.88894814024798,168.37919174548583,29.27771748942473,163,203.61123065082325
11508,5263,智崴,TPEx,M23Z 其他電子,216.5614441898171,72.77473192966151,17.780449485962418,13,198.7809947038547
11508,2923,鼎固-KY,TWSE,M25A 建設,218.9867410565063,20.988359626043007,22.16517290505406,74,196.82156815145225
11508,6541,泰福-KY,TWSE,M17C 藥,210.1415494151551,36.05703980515738,13.935210320845938,75,196.2063390943092
11508,6515,穎崴,TWSE,M23B 印刷電路板,233.36649415222965,6.5805563904418465,40.582840603580124,66,192.7836535486495
11508,2337,旺宏,TWSE,M23G 半導體,218.53271706735816,5.444034937143434,29.27771748942473,163,189.25499957793343
11508,6550,北極星藥業-KY,TWSE,M17C 藥,202.55720053835802,225.90310837300476,13.935210320845938,75,188.6219902175121
11508,6431,光麗-KY,TWSE,M17Y 化妝美容,185.89271089271088,17.191696508504926,0.4069472833029337,8,185.48576360940794
11508,3176,基亞,TPEx,M17C 藥,197.40339528202162,241.3651494882245,13.935210320845938,75,183.4681849611757
11508,4934,太極,TWSE,M23C 光電及I/O,192.98288508557457,43.6638292770651,9.849321993850566,130,183.133563091724
11508,3713,新晶投控,TPEx,M23C 光電及I/O,184.79864468993753,28.92361277540782,9.849321993850566,130,174.94932269608697
11508,6691,洋基工程,TWSE,M23H 電子設備,213.69818881487726,10.989564156486013,42.51717000649329,84,171.18101880838395
11508,5533,皇鼎,TWSE,M25A 建設,189.42621733966746,182.76737313486956,22.16517290505406,74,167.2610444346134
11508,9946,三發地產,TWSE,M25A 建設,185.25724897649096,50.54908337602744,22.16517290505406,74,163.0920760714369
11508,6588,東典光電,TPEx,M23K 通信網路,189.01808785529715,1.24135255705696,26.817191653679874,74,162.20089620161727
11508,4157,太景*-KY,TPEx,M17C 藥,172.2115013508298,138.59945872801083,13.935210320845938,75,158.27629102998387
11508,6949,沛爾生醫*-創,TWSE,M17H 生物科技,164.71067644661775,157.77777777777777,11.542346291878882,11,153.16833015473887
11508,4542,科嶠,TPEx,M23H 電子設備,194.65100798782808,6.806039088621557,42.51717000649329,84,152.1338379813348
11508,3081,聯亞,TPEx,M23G 半導體,180.9018539007475,3.8425011472237185,29.27771748942473,163,151.62413641132278
11508,7828,創新服務,TPEx,M23H 電子設備,192.1368379931916,21.162837347817366,42.51717000649329,84,149.6196679866983
11508,3693,營邦,TPEx,M23D 電子零組件,171.01452065990162,3.417336668647826,25.08933578159188,195,145.92518487830975
11508,6613,朋億*,TPEx,M23H 電子設備,186.81734976223558,30.803314798295098,42.51717000649329,84,144.3001797557423
11508,6885,全福生技,TWSE,M17C 藥,157.1095571095571,31.466030989272944,13.935210320845938,75,143.17434678871118
11508,2382,廣達,TWSE,M23A 電腦及週邊,177.453640698528,15.752371011347568,35.82690162998942,65,141.6267390685386
11508,6657,華安,TWSE,M17C 藥,153.3123028391167,30.781758957654723,13.935210320845938,75,139.37709251827079
11508,6227,茂綸,TPEx,M23T 電子通路,168.85623019694452,5.991478939867544,35.1919397058577,57,133.66429049108683
11508,3231,緯創,TWSE,M23A 電腦及週邊,166.4840985505344,49.26554412746217,35.82690162998942,65,130.657196920545
11508,8054,安國,TPEx,M23G 半導體,157.4483639638689,7.9197911055577235,29.27771748942473,163,128.17064647444417
11508,6169,昱泉,TPEx,M23X 資訊服務,148.26175869120655,5178.260869565217,20.16137918832383,73,128.10037950288273
11508,4442,竣邦-KY,TPEx,M14C 成衣,131.32054817155662,66.04643577274345,5.367630831359371,28,125.95291734019725
11508,6442,光聖,TWSE,M23K 通信網路,152.24399939889415,32.44156488565142,26.817191653679874,74,125.42680774521428
11508,7730,暉盛-創,TWSE,M23H 電子設備,167.6950244105121,47.61713827471646,42.51717000649329,84,125.17785440401882
11508,6026,福邦證,TPEx,M30A 證券,231.77946698415604,381.78473268906816,111.39694347967702,8,120.38252350447902
11508,3018,隆銘綠能,TWSE,M15B 電機製品,130.49163179916317,229.09890474610023,10.714814018047969,14,119.7768177811152
11508,4726,永昕,TPEx,M17C 藥,131.44212689667236,23.14251480288031,13.935210320845938,75,117.50691657582642
11508,2548,華固,TWSE,M25A 建設,139.52959372288657,752.4103582983179,22.16517290505406,74,117.36442081783251
11508,3226,龍鋒,TPEx,M15D 汽車組件,123.95113510044578,4.620672302198714,6.816747433041865,54,117.13438766740391
11508,8084,巨虹,TPEx,M23G 半導體,145.133904884247,35.22090085649147,29.27771748942473,163,115.85618739482226
11508,2360,致茂,TWSE,M23H 電子設備,156.29654201767283,3.6465264692026853,42.51717000649329,84,113.77937201117955
11508,8996,高力,TWSE,M15Z 其他電製品,112.8353580924365,30.48416219953916,-0.5053297359458623,9,113.34068782838236
11508,6225,天瀚,TWSE,M23K 通信網路,139.20118343195267,17.47184889211769,26.817191653679874,74,112.3839917782728
11508,3167,大量,TWSE,M23H 電子設備,152.9786603130761,6.370649637811313,42.51717000649329,84,110.4614903065828
11508,6441,廣錠,TPEx,M23D 電子零組件,135.5224867724868,240.84035222052069,25.08933578159188,195,110.4331509908949
11508,8472,納維康,TPEx,M23E 數位雲端,121.30045734738516,15.613637780224803,11.881400723492241,20,109.41905662389291
11508,6209,今國光,TWSE,M23U 消費性電子,106.76387351719937,6.196648449645674,2.398733541059403,27,104.36513997613997
11508,6016,康和證,TPEx,M30A 證券,215.39039794418443,235.27861735273706,111.39694347967702,8,103.99345446450741
11508,4931,新盛力,TPEx,M23D 電子零組件,125.86678832116789,10.160534893811118,25.08933578159188,195,100.777452539576
11508,4807,日成-KY,TWSE,M99Z 其他,105.4337738232811,41.193343155087696,5.206317955870409,27,100.2274558674107
11508,2495,普安,TWSE,M23C 光電及I/O,106.21354266385858,7.846252436517049,9.849321993850566,130,96.36422067000801
11508,7728,光焱科技,TPEx,M23H 電子設備,137.32722413134783,1.6783903157205955,42.51717000649329,84,94.81005412485455
11508,3162,精確,TPEx,M15D 汽車組件,101.18952622424949,5.662490057166646,6.816747433041865,54,94.37277879120762
11508,6672,騰輝電子-KY,TWSE,M23B 印刷電路板,133.2447678339368,21.127135266753342,40.582840603580124,66,92.66192723035668
11508,6274,台燿,TPEx,M23B 印刷電路板,132.48393122185607,0.10944344976044647,40.582840603580124,66,91.90109061827594
11508,6152,百一,TWSE,M23K 通信網路,118.48334266517357,3.2810370154705346,26.817191653679874,74,91.6661510114937
11508,7794,宏碁智新,TPEx,M15C 家電製品,102.78167311411993,23.552461974735756,11.219507352700457,22,91.56216576141946
11508,6446,藥華藥,TWSE,M17C 藥,105.4274761466709,4.384664840520659,13.935210320845938,75,91.49226582582496
11508,2025,千興,TWSE,M20A 基本金屬,102.5304395876603,88.52262750419028,11.847793061266259,53,90.68264652639404
11508,6215,和椿,TWSE,M23H 電子設備,132.81593791254951,7.728332901410536,42.51717000649329,84,90.29876790605623
11508,8422,可寧衛*,TWSE,M99L 資源回收,105.8498562353335,22.35004137150917,15.567574908502475,28,90.28228132683103
11508,6593,台灣銘板,TPEx,M23Z 其他電子,107.70474650432797,35.39186507936508,17.780449485962418,13,89.92429701836555
11508,2383,台光電,TWSE,M23B 印刷電路板,129.84671742960728,4.888351969713899,40.582840603580124,66,89.26387682602716
11508,6834,天二科技,TWSE,M23D 電子零組件,114.30418863995163,5.030908148062788,25.08933578159188,195,89.21485285835975
11508,5274,信驊,TPEx,M23G 半導體,118.41515263458373,6.6875194387467864,29.27771748942473,163,89.137435145159
11508,6715,嘉基,TWSE,M23D 電子零組件,113.01819497570557,6.632425334273461,25.08933578159188,195,87.92885919411368
11508,2243,宏旭-KY,TWSE,M15A 機械,106.4393510172547,84.39716964638983,18.699479537392047,44,87.73987147986264
11508,2347,聯強,TWSE,M23T 電子通路,122.01643193808464,2.593631916322056,35.1919397058577,57,86.82449223222693
11508,3623,富晶通,TPEx,M23C 光電及I/O,96.26579854461892,111.26513785106931,9.849321993850566,130,86.41647655076835
11508,6693,廣閎科,TPEx,M23G 半導體,114.19594133697134,3.6092849070766895,29.27771748942473,163,84.91822384754661
11508,3706,神達,TWSE,M23A 電腦及週邊,119.89332334202707,5.638070867629579,35.82690162998942,65,84.06642171203765
11508,3234,光環,TPEx,M23K 通信網路,110.12726780395343,13.116000124944035,26.817191653679874,74,83.31007615027356
11508,3450,聯鈞,TWSE,M23K 通信網路,109.75810219812358,2.4166764461857,26.817191653679874,74,82.94091054444371
11508,1709,和益,TWSE,M17E 清潔劑,82.66667069773207,6.918320795751556,-0.22745157769146804,5,82.89412227542354
11508,5209,新鼎,TPEx,M25C 工程承攬,92.1791254768751,104.9999081670939,9.42002029759555,6,82.75910517927954
11508,2425,承啟,TWSE,M23A 電腦及週邊,118.45737918391718,3.8392858077969194,35.82690162998942,65,82.63047755392776
11508,1312,國喬,TWSE,M13A 石化,89.22674829328686,67.44466336735312,6.645585813622416,30,82.58116247966444
11508,6716,應廣,TPEx,M23G 半導體,111.75153616840056,2.663512532962074,29.27771748942473,163,82.47381867897583
11508,6574,霈方,TPEx,M17Y 化妝美容,82.79946784014737,4.390450587341476,0.4069472833029337,8,82.39252055684443
11508,3443,創意,TWSE,M23G 半導體,111.0204372171911,1.2293622826160435,29.27771748942473,163,81.74271972776637
11508,5547,久舜,TPEx,M25B 營造,89.50367793179775,40.72624404597033,7.954559176920941,17,81.54911875487682
11508,6937,天虹,TWSE,M23H 電子設備,123.29046160061951,27.865154458299394,42.51717000649329,84,80.77329159412622
11508,6903,巨漢,TPEx,M23H 電子設備,122.70103872385356,3.986202439723116,42.51717000649329,84,80.18386871736027
11508,6199,天品,TPEx,M25E 靈骨塔,171.69669177857844,6.946790268304947,91.91210131567433,2,79.7845904629041
11508,4977,眾達-KY,TWSE,M23K 通信網路,106.21752924846322,14.773918705647342,26.817191653679874,74,79.40033759478335
11508,4576,大銀微系統,TWSE,M15A 機械,98.0452097433352,16.35338909374344,18.699479537392047,44,79.34573020594316
11508,3311,閎暉,TWSE,M23D 電子零組件,104.38285639491761,79.75816388745582,25.08933578159188,195,79.29352061332573
11508,6706,惠特,TWSE,M23H 電子設備,120.52782591403653,17.14781558892326,42.51717000649329,84,78.01065590754324
11508,2636,台驊控股,TWSE,M26C 貨運倉儲,85.48459503786516,3.4156625863497223,7.804528243900269,15,77.6800667939649
11508,6841,長佳智能,TPEx,M17G 醫療耗材,86.01685053297956,33.862593374200245,9.322370286362348,57,76.69448024661722
11508,2540,愛山林,TWSE,M25A 建設,98.38295459889332,39.00230742265192,22.16517290505406,74,76.21778169383926
11508,6148,驊宏資,TPEx,M23X 資訊服務,95.40025077542401,41.38235645219052,20.16137918832383,73,75.23887158710018
11508,2101,南港,TWSE,M21A 輪胎,84.20319969775788,4.663708674666565,10.485149594280998,5,73.71805010347688
11508,3546,宇峻,TPEx,M23X 資訊服務,93.84497509896565,38.00985784698907,20.16137918832383,73,73.68359591064181
11508,6416,瑞祺電通,TWSE,M23A 電腦及週邊,109.34019768099115,21.452660034122886,35.82690162998942,65,73.51329605100173
11508,6581,鋼聯,TWSE,M99L 資源回收,88.18440615223668,314.52692222468426,15.567574908502475,28,72.6168312437342
11508,4502,健信,TPEx,M15D 汽車組件,78.28824565554592,14.348463899099585,6.816747433041865,54,71.47149822250405
11508,8147,正淩,TPEx,M23D 電子零組件,95.98263406146314,21.68644709595759,25.08933578159188,195,70.89329827987126
11508,8033,雷虎,TWSE,M99Z 其他,74.95555092026977,49.00222479761109,5.206317955870409,27,69.74923296439937
11508,2221,大甲,TPEx,M20A 基本金屬,81.31871139616996,42.19236300414261,11.847793061266259,53,69.4709183349037
11508,7795,長廣,TWSE,M23H 電子設備,111.49808375067597,95.7334653422258,42.51717000649329,84,68.98091374418269
11508,1799,易威,TPEx,M17C 藥,82.42065171392298,59.20137093557489,13.935210320845938,75,68.48544139307704
11508,6756,威鋒電子,TWSE,M23G 半導體,96.9406668471583,6.712030423056524,29.27771748942473,163,67.66294935773357
11508,4760,勤凱科技,TPEx,M23D 電子零組件,91.53718178108421,13.105212426781344,25.08933578159188,195,66.44784599949233
11508,3491,昇達科,TPEx,M23K 通信網路,93.18632935147426,39.55913600041714,26.817191653679874,74,66.36913769779439
11508,6884,海柏特,TPEx,M23T 電子通路,101.21437665262951,5.990381914789955,35.1919397058577,57,66.02243694677182
11508,3653,健策,TWSE,M23D 電子零組件,90.90319995881177,0.39577725555222554,25.08933578159188,195,65.81386417721988
11508,2511,太子,TWSE,M25A 建設,87.88742117627663,65.50630278478255,22.16517290505406,74,65.72224827122257
11508,3055,蔚華科,TWSE,M23H 電子設備,108.23555166374781,14.06336187255678,42.51717000649329,84,65.71838165725453
11508,8446,華研,TPEx,M99Z 其他,69.23831619285063,70.98493329601642,5.206317955870409,27,64.03199823698023
11508,3036,文曄,TWSE,M23T 電子通路,98.21291582397657,8.426805566323363,35.1919397058577,57,63.020976118118874
11508,2302,麗正,TWSE,M23D 電子零組件,87.72217512750316,10.529890192612958,25.08933578159188,195,62.63283934591128
11508,2376,技嘉,TWSE,M23A 電腦及週邊,98.42707910183296,7.210115423647554,35.82690162998942,65,62.60017747184354
11508,3054,立萬利,TWSE,M17C 藥,75.61228823557171,5.335560021512072,13.935210320845938,75,61.67707791472577
11508,6658,聯策,TWSE,M23H 電子設備,104.05118528128317,4.4387657575178325,42.51717000649329,84,61.53401527478988
11508,3432,台端,TWSE,M23D 電子零組件,86.54643709940933,26.032689450222882,25.08933578159188,195,61.45710131781745
11508,4771,望隼,TWSE,M17G 醫療耗材,70.6377909701609,38.88744071309589,9.322370286362348,57,61.31542068379856
11508,4989,榮科,TWSE,M23B 印刷電路板,101.82935261463086,20.383784882504912,40.582840603580124,66,61.24651201105074
11508,4768,晶呈科技,TPEx,M17Z 其他化學,93.11618386508255,23.92632781267847,31.91683473311466,18,61.19934913196789
11508,4950,金耘國際,TPEx,M99B 五金及家具,64.87176511546942,2.7746742651373273,4.203265064610972,17,60.66850005085844
11508,6187,萬潤,TPEx,M23H 電子設備,103.06092173798378,5.1254408920241215,42.51717000649329,84,60.54375173149049
11508,7717,萊德光電-KY,TPEx,M23K 通信網路,86.19344063164287,12.443034376518701,26.817191653679874,74,59.376248977963
11508,5201,凱衛,TPEx,M23X 資訊服務,79.42010561314297,32.19136136027955,20.16137918832383,73,59.25872642481913
11508,2434,統懋,TWSE,M23D 電子零組件,84.26308539944904,51.758366420873514,25.08933578159188,195,59.173749617857155
11508,8050,廣積,TPEx,M23A 電腦及週邊,94.47744867048132,34.54348231057019,35.82690162998942,65,58.6505470404919
11508,6141,柏承,TWSE,M23B 印刷電路板,98.63848944446873,6.974052773222651,40.582840603580124,66,58.05564884088861
11508,6213,聯茂,TWSE,M23B 印刷電路板,97.92882458381861,6.2086586004218836,40.582840603580124,66,57.345983980238486
11508,8021,尖點,TWSE,M23B 印刷電路板,97.75305404524683,5.504950115539201,40.582840603580124,66,57.170213441666704
11508,4582,聚恆-創,TWSE,M23C 光電及I/O,66.87285868493922,68.78673084774084,9.849321993850566,130,57.02353669108865
11508,7792,安葆,TPEx,M15B 電機製品,67.71662688234218,9.954250462517455,10.714814018047969,14,57.001812864294216
11508,6811,宏碁資訊,TPEx,M23X 資訊服務,77.11195291418402,4.300469600727975,20.16137918832383,73,56.95057372586018
11508,7842,天能綠電,TPEx,M99D 公用事業,71.54205707669547,0.38866564402744186,15.499684873151953,15,56.04237220354352
11508,2248,華勝-KY,TWSE,M15D 汽車組件,62.42324416919225,6.089269115571316,6.816747433041865,54,55.60649673615039
11508,6782,視陽,TWSE,M17G 醫療耗材,64.05265978828889,5.164716467781455,9.322370286362348,57,54.73028950192654
11508,3290,東浦,TPEx,M23D 電子零組件,79.79663584803046,1.1166730843280708,25.08933578159188,195,54.70730006643858
11508,6598,ABC-KY,TWSE,M17G 醫療耗材,63.9962325080732,32.613047830439136,9.322370286362348,57,54.67386222171085
11508,2427,三商電,TWSE,M23X 資訊服務,74.78099474049145,7.482170760306899,20.16137918832383,73,54.619615552167616
11508,6739,竹陞科技,TPEx,M23H 電子設備,96.72751410554265,7.3446532315315185,42.51717000649329,84,54.210344099049365
11508,3570,大塚,TPEx,M23X 資訊服務,73.407767106412,24.274203917198818,20.16137918832383,73,53.24638791808816
11508,4590,富田-創,TWSE,M15B 電機製品,62.92394994781232,51.62226737824621,10.714814018047969,14,52.20913592976435
11508,1528,恩德,TWSE,M15A 機械,70.8380690048627,20.534599600622652,18.699479537392047,44,52.13858946747065
11508,2363,矽統,TWSE,M23G 半導體,81.06426064737752,26.64293659621802,29.27771748942473,163,51.78654315795279
11508,2460,建通,TWSE,M23D 電子零組件,75.64976190094438,1.320718071085708,25.08933578159188,195,50.5604261193525
11508,3141,晶宏,TPEx,M23G 半導體,79.77072598488336,12.266368681927565,29.27771748942473,163,50.493008495458625
11508,2466,冠西電,TWSE,M23C 光電及I/O,59.9166856232939,15.93621802139809,9.849321993850566,130,50.067363629443335
11508,2488,漢平,TWSE,M23U 消費性電子,50.050599201065246,4.564530967069734,2.398733541059403,27,47.651865660005846
11508,2929,淘帝-KY,TWSE,M29A 百貨批發,50.320717981543716,36.13992922619838,2.8430848467719483,24,47.477633134771764
11508,5460,同協,TPEx,M23D 電子零組件,72.53747615153993,43.93160838524851,25.08933578159188,195,47.44814036994805
11508,4916,事欣科,TWSE,M23A 電腦及週邊,82.95982513400992,6.285995305001979,35.82690162998942,65,47.132923504020496
11508,4566,時碩工業,TWSE,M15D 汽車組件,53.94780686006835,7.4405373541150635,6.816747433041865,54,47.131059427026486
11508,5498,凱崴,TPEx,M23B 印刷電路板,87.52412149123518,2.2227427823842443,40.582840603580124,66,46.941280887655054
11508,6770,力積電,TWSE,M23G 半導體,76.19282844889565,5.097735257913507,29.27771748942473,163,46.91511095947092
11508,2734,易飛網,TPEx,M27C 旅行社,53.642139862311716,9.836164150384842,6.988488132071125,7,46.65365173024059
11508,2030,彰源,TWSE,M20A 基本金屬,57.69192058134775,8.994771323067676,11.847793061266259,53,45.84412752008149
11508,6538,倉和,TPEx,M23C 光電及I/O,55.6734663614373,6.813903797725943,9.849321993850566,130,45.82414436758673
11508,4303,信立,TPEx,M13A 石化,52.26860440089781,37.71783463107156,6.645585813622416,30,45.62301858727539
11508,4417,金洲,TPEx,M14Z 其他紡織,58.25909480659069,6.424454725352666,12.75986290062482,5,45.49923190596587
11508,6472,保瑞,TWSE,M17C 藥,59.21841576870238,14.885070860129273,13.935210320845938,75,45.28320544785644
11508,6924,榮惠-KY創,TWSE,M23B 印刷電路板,84.98932601402866,31.039101317779217,40.582840603580124,66,44.40648541044854
11508,2414,精技,TWSE,M23T 電子通路,79.51753158995898,41.26387055707326,35.1919397058577,57,44.32559188410128
11508,2885,元大金,TWSE,M28L 金融控股,57.940258843989525,11.532295134693848,13.898753138784288,13,44.04150570520524
11508,6175,立敦,TPEx,M23D 電子零組件,68.93824644185868,2.005112351618525,25.08933578159188,195,43.848910660266796
11508,6643,M31,TPEx,M23G 半導體,73.0784708249497,6.468752075446636,29.27771748942473,163,43.80075333552497
11508,8088,品安,TPEx,M23G 半導體,72.93612042391378,6.521849605233372,29.27771748942473,163,43.65840293448905
11508,3715,定穎投控,TWSE,M23B 印刷電路板,83.96056599949932,15.834600165610007,40.582840603580124,66,43.3777253959192
11508,6220,岳豐,TPEx,M23D 電子零組件,68.01226096987067,0.1085279187817259,25.08933578159188,195,42.92292518827878
11508,3088,艾訊,TPEx,M23A 電腦及週邊,78.52614807235602,0.13320344761864425,35.82690162998942,65,42.6992464423666
11508,3508,位速,TPEx,M23D 電子零組件,67.1899502284039,16.700773349196908,25.08933578159188,195,42.10061444681202
11508,8089,康全電訊,TPEx,M23K 通信網路,68.73192658974432,149.6420553225738,26.817191653679874,74,41.91473493606445
11508,2455,全新,TWSE,M23G 半導體,71.15939605853318,11.560603260792313,29.27771748942473,163,41.881678569108445
11508,6214,精誠,TWSE,M23X 資訊服務,61.91075076871571,24.35655889130407,20.16137918832383,73,41.74937158039188
11508,2607,榮運,TWSE,M26C 貨運倉儲,49.389906432141686,2.4091885883660615,7.804528243900269,15,41.585378188241414
11508,8942,森鉅,TPEx,M13A 石化,47.618455354122304,2.084566159774307,6.645585813622416,30,40.972869540499886
11508,7703,銳澤,TPEx,M23H 電子設備,83.25669260023365,17.506988961107268,42.51717000649329,84,40.73952259374036
11508,3624,光頡,TPEx,M23D 電子零組件,65.7609210971893,4.412337708508127,25.08933578159188,195,40.67158531559741
11508,2241,艾姆勒,TWSE,M15D 汽車組件,47.331857135612985,8.884336235649773,6.816747433041865,54,40.515109702571124
11508,4721,美琪瑪,TPEx,M17Z 其他化學,72.34525505193395,20.447086844665048,31.91683473311466,18,40.42842031881929
11508,1303,南亞,TWSE,M13A 石化,46.746902846686,0.09347590944474662,6.645585813622416,30,40.10131703306358
11508,3380,明泰,TWSE,M23K 通信網路,66.87986902351231,71.11300314748665,26.817191653679874,74,40.06267736983244
11508,4155,訊映,TWSE,M17G 醫療耗材,49.34935162264665,29.083735720174303,9.322370286362348,57,40.0269813362843
11508,6670,復盛應用,TWSE,M99Z 其他,45.01593222047094,13.125124686803655,5.206317955870409,27,39.809614264600526
11508,4728,雙美,TPEx,M17G 醫療耗材,48.818304279979195,0.7558073910197078,9.322370286362348,57,39.495933993616845
11508,3004,豐達科,TWSE,M22B 機車船製造,62.29746815925001,6.473175449031532,23.571776912366506,11,38.7256912468835
11508,1815,富喬,TPEx,M23B 印刷電路板,79.20696400933353,6.791014292252034,40.582840603580124,66,38.62412340575341
11508,4148,全宇生技-KY,TWSE,M17C 藥,51.949525200273904,4.360526062295658,13.935210320845938,75,38.014314879427964
11508,2889,國票金,TWSE,M28L 金融控股,51.8964745383324,22.110855687865797,13.898753138784288,13,37.99772139954811
11508,3338,泰碩,TWSE,M23D 電子零組件,61.997363216875414,13.661468366139456,25.08933578159188,195,36.90802743528353
11508,3060,銘異,TWSE,M23C 光電及I/O,46.389392118216364,9.56442610073084,9.849321993850566,130,36.5400701243658
11508,6612,奈米醫材,TPEx,M17G 醫療耗材,45.710613031901325,32.01253327417923,9.322370286362348,57,36.388242745538975
11508,6606,建德工業,TWSE,M15A 機械,54.917377616103614,4.901029470242566,18.699479537392047,44,36.21789807871157
11508,2535,達欣工,TWSE,M25B 營造,44.16751718611615,6.622818691464409,7.954559176920941,17,36.21295800919521
11508,912000,晨訊科-DR,TWSE,M23K 通信網路,62.91985586154291,71.15126897942831,26.817191653679874,74,36.10266420786304
11508,1413,宏洲,TWSE,M14A 人纖,27.66535454898265,6.144556098460404,-8.157545288115324,14,35.82289983709797
11508,2368,金像電,TWSE,M23B 印刷電路板,76.38825024031777,3.6890808722169304,40.582840603580124,66,35.80540963673765
11508,8024,佑華,TPEx,M23G 半導體,64.88353555929501,14.643758852146068,29.27771748942473,163,35.60581806987028
11508,2890,永豐金,TWSE,M28L 金融控股,49.48292252285266,0.975452104876698,13.898753138784288,13,35.584169384068375
11508,2615,萬海,TWSE,M26A 海運,65.59455773911166,3.0066159166342357,31.062250846303606,12,34.53230689280806
11508,5516,雙喜,TPEx,M25B 營造,42.46539762141426,50.92522528719818,7.954559176920941,17,34.510838444493324
11508,3591,艾笛森,TWSE,M23C 光電及I/O,44.13254324661866,0.632274965399272,9.849321993850566,130,34.283221252768094
11508,4736,泰博,TWSE,M17G 醫療耗材,42.68640953520201,5.46706353104862,9.322370286362348,57,33.36403924883966
11508,2354,鴻準,TWSE,M23D 電子零組件,58.41679083173851,2.0757869205314243,25.08933578159188,195,33.327455050146625
11508,5222,全訊,TWSE,M23K 通信網路,59.944312768944016,5.617687281568151,26.817191653679874,74,33.127121115264146
11508,9955,佳龍,TWSE,M99L 資源回收,48.63394781688442,72.3821127205451,15.567574908502475,28,33.06637290838195
11508,2597,潤弘,TWSE,M25B 營造,40.9086362028445,18.615648736382795,7.954559176920941,17,32.95407702592356
11508,1410,南染,TWSE,M14E 染整,36.32137149498765,3.748341441839894,3.400595434998346,3,32.92077605998931
11508,6218,豪勉,TPEx,M23X 資訊服務,52.85091996619205,37.01796988829529,20.16137918832383,73,32.68954077786822
11508,2345,智邦,TWSE,M23K 通信網路,59.42279854814421,3.5464415513967307,26.817191653679874,74,32.60560689446433
11508,2374,佳能,TWSE,M23U 消費性電子,34.7021226390898,13.218945850766243,2.398733541059403,27,32.3033890980304
11508,7822,倍利科,TWSE,M23H 電子設備,74.62048704884945,10.572321032953592,42.51717000649329,84,32.10331704235617
11508,3434,哲固,TPEx,M23C 光電及I/O,41.94985495234148,118.9795021376913,9.849321993850566,130,32.100532958490916
11508,2208,台船,TWSE,M22B 機車船製造,55.644028484352404,40.99954677594104,23.571776912366506,11,32.0722515719859
11508,5609,中菲行,TPEx,M26C 貨運倉儲,39.0514302604756,4.460990079144181,7.804528243900269,15,31.24690201657533
11508,2464,盟立,TWSE,M23H 電子設備,73.70780965783624,7.561365919680548,42.51717000649329,84,31.19063965134295
11508,8383,千附,TPEx,M23H 電子設備,73.60021446411119,3.071520387481011,42.51717000649329,84,31.083044457617902
11508,8109,博大,TPEx,M23D 電子零組件,56.11513756740975,7.399110556587411,25.08933578159188,195,31.025801785817865
11508,6201,亞弘電,TWSE,M23U 消費性電子,33.248340525032496,5.880860920878523,2.398733541059403,27,30.849606983973093
11508,1727,中華化,TWSE,M17Z 其他化學,62.67146732929334,9.09168200580691,31.91683473311466,18,30.754632596178684
11508,4702,中美實,TPEx,M17B 染料及顏料,39.21259842519685,2538.805970149254,9.254815718380485,6,29.957782706816367
11508,8409,商之器,TPEx,M17G 醫療耗材,39.1702621971457,39.53147877013177,9.322370286362348,57,29.847891910783353
11508,4974,亞泰,TPEx,M23C 光電及I/O,39.54911695287702,11.324067148674478,9.849321993850566,130,29.699794959026455
11508,5546,永固-KY,TWSE,M11B 預拌混凝土,32.806001600215474,7.520571578832599,3.12297284774349,3,29.683028752471984
11508,3332,幸康,TPEx,M23D 電子零組件,54.71850386062934,11.972368864427722,25.08933578159188,195,29.62916807903746
11508,6223,旺矽,TPEx,M23B 印刷電路板,69.87471956008775,13.449324844546412,40.582840603580124,66,29.29187895650763
11508,4906,正文,TWSE,M23K 通信網路,56.09452372021568,6.5921601721881995,26.817191653679874,74,29.27733206653581
11508,3017,奇鋐,TWSE,M23D 電子零組件,54.340256925995845,4.792408367613132,25.08933578159188,195,29.250921144403964
11508,6173,信昌電,TPEx,M23D 電子零組件,54.26510929473646,2.68920483524502,25.08933578159188,195,29.17577351314458
11508,6015,宏遠證,TPEx,M30A 證券,140.4952387188123,404.544135479391,111.39694347967702,8,29.09829523913527
11508,4545,銘鈺,TWSE,M23D 電子零組件,54.178385560845975,35.61949380774045,25.08933578159188,195,29.089049779254093
11508,5243,乙盛-KY,TWSE,M23D 電子零組件,54.12471687397441,7.9636443689656256,25.08933578159188,195,29.035381092382526
11508,3168,眾福科,TWSE,M23C 光電及I/O,38.86429069970337,3.532023189065689,9.849321993850566,130,29.0149687058528
11508,4744,皇將,TPEx,M15H 儀器設備,34.59208220724065,143.6020103743919,5.66321072986094,5,28.92887147737971
11508,8438,昶昕,TWSE,M99L 資源回收,44.483904844254425,1.7419444549786998,15.567574908502475,28,28.91632993575195
11508,3016,嘉晶,TWSE,M23G 半導體,57.78643473495075,5.111418128109066,29.27771748942473,163,28.50871724552602
11508,3296,勝德,TWSE,M23D 電子零組件,53.38669997638869,16.75430612162076,25.08933578159188,195,28.29736419479681
11508,3056,富華新,TWSE,M25A 建設,50.1873823746011,44.853602714860706,22.16517290505406,74,28.02220946954704
11508,2605,新興,TWSE,M26A 海運,58.75071504262123,6.044078803127904,31.062250846303606,12,27.688464196317625
11508,1220,台榮,TWSE,M12B 油脂飼料,28.831968382604725,29.29083574064727,1.2417645099363464,12,27.59020387266838
11508,1323,永裕,TWSE,M13A 石化,34.077133777524274,12.869489969290516,6.645585813622416,30,27.431547963901856
11508,8489,三貝德,TPEx,M99Z 其他,32.55905947878922,2.331205911991938,5.206317955870409,27,27.352741522918812
11508,2327,國巨*,TWSE,M23D 電子零組件,51.799610560411935,1.2460830535233982,25.08933578159188,195,26.710274778820054
11508,2949,欣新網,TPEx,M23E 數位雲端,38.44446381748805,16.06666316846824,11.881400723492241,20,26.563063093995808
11508,6667,信紘科,TPEx,M23H 電子設備,69.05867516933641,77.34740875274588,42.51717000649329,84,26.541505162843123
11508,8103,瀚荃,TWSE,M23D 電子零組件,51.59721699887176,1.9303955110844757,25.08933578159188,195,26.507881217279877
11508,6028,公勝保經,TPEx,M28N 保險經紀,46.18760930983452,1.2505532562527664,19.792503202132757,2,26.395106107701764
11508,5902,德記,TPEx,M29B 貿易,20.915794625329248,2.2549293154761907,-5.434177906512505,7,26.349972531841754
11508,6206,飛捷,TWSE,M23A 電腦及週邊,62.175214994119465,2.603429138352909,35.82690162998942,65,26.348313364130043
11508,4540,全球傳動,TWSE,M15A 機械,45.043492645538386,3.1024007839294465,18.699479537392047,44,26.34401310814634
11508,7716,昱臺國際,TPEx,M26C 貨運倉儲,34.02541004199117,5.245333358384924,7.804528243900269,15,26.220881798090904
11508,7712,博盛半導體,TPEx,M23G 半導體,55.49841915906531,1.772579427137531,29.27771748942473,163,26.220701669640576
11508,6762,達亞,TPEx,M17G 醫療耗材,35.474214631388136,0.7332846950005565,9.322370286362348,57,26.151844345025786
11508,6728,上洋,TPEx,M15C 家電製品,37.295861620465196,7.753694393299052,11.219507352700457,22,26.07635426776474
11508,6234,高僑,TPEx,M23H 電子設備,68.3996984746364,24.92393217216822,42.51717000649329,84,25.882528468143107
11508,1416,廣豐,TWSE,M23X 資訊服務,45.99375650364204,0.7020613238229818,20.16137918832383,73,25.832377315318208
11508,3230,錦明,TPEx,M23D 電子零組件,50.86653881667732,2.031944277651015,25.08933578159188,195,25.77720303508544
11508,3646,艾恩特,TPEx,M23D 電子零組件,50.80557194714161,6.78154952582332,25.08933578159188,195,25.716236165549727
11508,2477,美隆電,TWSE,M23U 消費性電子,27.950818777888088,16.26522944541192,2.398733541059403,27,25.552085236828685
11508,4572,駐龍,TWSE,M22B 機車船製造,48.85107594824057,40.43728694016692,23.571776912366506,11,25.279299035874065
11508,1802,台玻,TWSE,M18 玻璃陶瓷,32.59146823861491,0.2357161348229062,7.346100003793483,6,25.245368234821427
11508,2609,陽明,TWSE,M26A 海運,56.170783181394626,3.7214686547250384,31.062250846303606,12,25.10853233509102
11508,6155,鈞寶,TWSE,M23D 電子零組件,50.04599448066232,16.197172192712124,25.08933578159188,195,24.95665869907044
11508,7772,耀穎,TPEx,M23G 半導體,54.2007874015748,35.053963656425644,29.27771748942473,163,24.92306991215007
11508,3044,健鼎,TWSE,M23B 印刷電路板,65.47995924001005,4.097822462615335,40.582840603580124,66,24.897118636429923
11508,2108,南帝,TWSE,M21C 橡膠原料,41.8298987938219,1.7745435727632901,16.964632724446172,5,24.865266069375725
11508,8040,九暘,TPEx,M23G 半導體,54.12023955501057,3.383122533884869,29.27771748942473,163,24.84252206558584
11508,3686,達能,TWSE,M23C 光電及I/O,34.30896630496859,18.32704402515723,9.849321993850566,130,24.459644311118026
11508,3029,零壹,TWSE,M23X 資訊服務,44.443850807787626,7.57502757550259,20.16137918832383,73,24.282471619463795
11508,1256,鮮活果汁-KY,TWSE,M12C 飲料乳品,25.546216536255777,4.774330645851466,1.3080196339671886,7,24.23819690228859
11508,7780,大研生醫*,TWSE,M17C 藥,38.13824433502897,2.981079272373304,13.935210320845938,75,24.203034014183032
11508,5703,亞都麗緻,TPEx,M27A 餐飲飯店,28.094970775682725,38.47499375290044,4.04536424457842,40,24.049606531104306
11508,2330,台積電,TWSE,M23G 半導體,53.320053714712955,10.099818994181083,29.27771748942473,163,24.042336225288224
11508,1781,合世,TPEx,M17G 醫療耗材,33.16265886440523,38.06047966631908,9.322370286362348,57,23.84028857804288
11508,2049,上銀,TWSE,M15A 機械,42.300945967107126,0.9836495943163266,18.699479537392047,44,23.601466429715078
11508,6415,矽力*-KY,TWSE,M23G 半導體,52.53892158873933,2.5369954638471888,29.27771748942473,163,23.261204099314597
11508,5321,美而快,TPEx,M23E 數位雲端,34.91961414790997,108.89643023372277,11.881400723492241,20,23.038213424417727
11508,4104,佳醫,TWSE,M17G 醫療耗材,32.2453706621182,11.961354329439047,9.322370286362348,57,22.923000375755848
11508,3466,德晉,TPEx,M23K 通信網路,49.72630365888793,22.378335949764523,26.817191653679874,74,22.909112005208055
11508,8931,大汽電,TPEx,M99D 公用事業,38.158404508232806,3.112975990589441,15.499684873151953,15,22.658719635080853
11508,6142,友勁,TWSE,M23K 通信網路,49.47108414326371,33.80842792162141,26.817191653679874,74,22.653892489583836
11508,2444,兆勁,TWSE,M23K 通信網路,49.281115246027525,55.00177868279339,26.817191653679874,74,22.46392359234765
11508,4714,永捷,TPEx,M17F 樹脂,42.9489518561269,28.435892117570706,20.56055139970624,16,22.388400456420655
11508,6870,騰雲,TPEx,M23E 數位雲端,34.13756613756614,5.25325214503183,11.881400723492241,20,22.256165414073898
11508,6944,兆聯實業,TWSE,M99L 資源回收,37.21291990021215,10.36985856681334,15.567574908502475,28,21.645344991709674
11508,6605,帝寶,TWSE,M15D 汽車組件,28.251422830345653,3.113006174514663,6.816747433041865,54,21.43467539730379
11508,6662,樂斯科,TPEx,M17H 生物科技,32.83032023507147,12.157275021026072,11.542346291878882,11,21.287973943192586
11508,2486,一詮,TWSE,M23D 電子零組件,46.069210459555194,5.069789698213286,25.08933578159188,195,20.979874677963313
11508,2515,中工,TWSE,M25B 營造,28.83948243046841,13.272333841339274,7.954559176920941,17,20.88492325354747
11508,4961,天鈺,TWSE,M23G 半導體,50.151362691195914,7.2526415686091115,29.27771748942473,163,20.873645201771183
11508,5309,系統電,TPEx,M15D 汽車組件,27.55214093238423,2.6776002532780385,6.816747433041865,54,20.735393499342365
11508,1742,台蠟,TPEx,M17Z 其他化學,52.506194015627976,119.05283328770874,31.91683473311466,18,20.589359282513318
11508,3467,台灣精材,TPEx,M23G 半導體,49.80566242478051,10.57567681710283,29.27771748942473,163,20.527944935355777
11508,2492,華新科,TWSE,M23D 電子零組件,45.54208446583508,2.8056594288635734,25.08933578159188,195,20.4527486842432
11508,4510,高鋒,TPEx,M15A 機械,39.02554124497234,2.943848614359057,18.699479537392047,44,20.32606170758029
11508,4930,燦星網,TWSE,M15C 家電製品,31.426416017616116,21.952853034660208,11.219507352700457,22,20.20690866491566
11508,4580,捷流閥業,TPEx,M15Z 其他電製品,19.69746240706893,4.055680926455751,-0.5053297359458623,9,20.202792143014793
11508,5244,弘凱,TWSE,M23C 光電及I/O,29.767265687471067,2.933256181425678,9.849321993850566,130,19.9179436936205
11508,2102,泰豐,TWSE,M21A 輪胎,29.991976157725812,2.226529048541939,10.485149594280998,5,19.506826563444815
11508,5438,東友,TPEx,M23C 光電及I/O,29.325102257233752,6.869679519278918,9.849321993850566,130,19.475780263383186
11508,3158,嘉實,TPEx,M23X 資訊服務,39.40383572698501,4.1114595398856775,20.16137918832383,73,19.242456538661177
11508,8358,金居,TPEx,M23B 印刷電路板,59.709504167221084,4.719008887179223,40.582840603580124,66,19.12666356364096
11508,4430,耀億,TPEx,M14Z 其他紡織,31.70148679825686,0.011679798328815522,12.75986290062482,5,18.94162389763204
11508,1475,業旺,TWSE,M14C 成衣,24.282605152395472,1.783176425324089,5.367630831359371,28,18.9149743210361
11508,3306,鼎天,TPEx,M23K 通信網路,45.50208386873303,18.236709492895084,26.817191653679874,74,18.684892215053157
11508,2062,橋椿,TWSE,M99B 五金及家具,22.200003570854683,9.103420181016313,4.203265064610972,17,17.996738506243712
11508,6645,金萬林-創,TWSE,M17G 醫療耗材,26.983461278970115,10.277280717034316,9.322370286362348,57,17.661090992607768
11508,2603,長榮,TWSE,M26A 海運,48.63589929629481,1.8856363783847867,31.062250846303606,12,17.573648449991204
11508,1710,東聯,TWSE,M13A 石化,23.96862268267556,6.224372551154888,6.645585813622416,30,17.32303686905314
11508,3264,欣銓,TPEx,M23G 半導體,46.57297818291717,1.573428156762056,29.27771748942473,163,17.295260693492438
11508,8432,東生華,TPEx,M17C 藥,30.880162775575272,16.651398444510917,13.935210320845938,75,16.944952454729332
11508,3711,日月光投控,TWSE,M23G 半導體,45.65918579706578,11.470924994667861,29.27771748942473,163,16.38146830764105
11508,4991,環宇-KY,TPEx,M23G 半導體,45.61718147039716,80.31296838689273,29.27771748942473,163,16.339463980972432
11508,6921,嘉雨思-創,TWSE,M23G 半導體,45.3128717582679,10.763511062749366,29.27771748942473,163,16.035154268843172
11508,1268,漢來美食,TPEx,M27A 餐飲飯店,19.991830825288854,7.617812678521232,4.04536424457842,40,15.946466580710435
11508,1721,國慶科技,TWSE,M17F 樹脂,36.46642201540179,69.98379611106665,20.56055139970624,16,15.905870615695548
11508,9945,潤泰新,TWSE,M25A 建設,37.99192959753171,4.289556910092957,22.16517290505406,74,15.826756692477648
11508,1213,大飲,TWSE,M12C 飲料乳品,17.12312734082397,22.954999232068808,1.3080196339671886,7,15.815107706856782
11508,3037,欣興,TWSE,M23B 印刷電路板,56.25723917867715,9.178757960449099,40.582840603580124,66,15.67439857509703
11508,1909,榮成,TWSE,M19A 造紙,23.173049017839748,6.290466137998159,7.607112977872289,6,15.56593603996746
11508,1904,正隆,TWSE,M19A 造紙,23.124829010579017,2.050220786862195,7.607112977872289,6,15.517716032706728
11508,8183,精星,TPEx,M23B 印刷電路板,56.06520786408064,7.451034969925701,40.582840603580124,66,15.482367260500517
11508,2357,華碩,TWSE,M23A 電腦及週邊,51.16688342643828,12.866443188877227,35.82690162998942,65,15.33998179644886
11508,1609,大亞,TWSE,M16 電纜,34.835392935879575,16.628672431878815,19.598369292655352,11,15.237023643224223
11508,2816,旺旺保,TWSE,M28J 產險,19.607460995942436,60.134034240333676,4.706880588210361,5,14.900580407732075
11508,2454,聯發科,TWSE,M23G 半導體,44.0812520934518,32.40526804267691,29.27771748942473,163,14.803534604027071
11508,9950,萬國通,TPEx,M99K 鞋及旅行箱,19.07535101050196,29.649615657703826,4.325261712464019,11,14.750089298037942
11508,3594,磐儀,TPEx,M23A 電腦及週邊,50.512183676505934,2.356063731251508,35.82690162998942,65,14.685282046516512
11508,3232,昱捷,TPEx,M23T 電子通路,49.79298122316777,5.45654021146379,35.1919397058577,57,14.601041517310072
11508,3152,璟德,TPEx,M23D 電子零組件,39.634819609145666,6.966812911744076,25.08933578159188,195,14.545483827553785
11508,6669,緯穎,TWSE,M23A 電腦及週邊,50.35813251850269,22.62493783220418,35.82690162998942,65,14.53123088851327
11508,3625,西勝,TPEx,M23D 電子零組件,39.61685188256759,40.604120267260576,25.08933578159188,195,14.527516100975706
11508,2233,宇隆,TWSE,M15D 汽車組件,21.271502983479063,0.9856077855567141,6.816747433041865,54,14.454755550437199
11508,6548,長科*,TPEx,M23G 半導體,43.657297439383484,6.099515363535204,29.27771748942473,163,14.379579949958753
11508,6147,頎邦,TPEx,M23G 半導體,43.611890927650016,3.8456339470856182,29.27771748942473,163,14.334173438225285
11508,6129,普誠,TPEx,M23G 半導體,43.60034223363001,3.8816143786121358,29.27771748942473,163,14.322624744205278
11508,6830,汎銓,TWSE,M23Z 其他電子,31.952610475141796,5.5243799610385835,17.780449485962418,13,14.172160989179378
11508,6829,千附精密,TPEx,M23H 電子設備,56.51918491470172,35.02496708319877,42.51717000649329,84,14.00201490820843
11508,4560,強信-KY,TWSE,M15A 機械,32.48550332604372,2.1610886528156437,18.699479537392047,44,13.786023788651672
11508,3526,凡甲,TPEx,M23D 電子零組件,38.839955677269295,3.4056663626630717,25.08933578159188,195,13.750619895677413
11508,2489,瑞軒,TWSE,M23C 光電及I/O,23.58564530251907,1.293526532271822,9.849321993850566,130,13.736323308668503
11508,4581,光隆精密-KY,TWSE,M15D 汽車組件,20.547519744431625,9.87584421887006,6.816747433041865,54,13.73077231138976
11508,3557,嘉威,TWSE,M99B 五金及家具,17.898725611819106,24.148873001923853,4.203265064610972,17,13.695460547208135
11508,6510,精測,TPEx,M23B 印刷電路板,54.27157903895514,3.8569424964936885,40.582840603580124,66,13.688738435375015
11508,8042,金山電,TPEx,M23D 電子零組件,38.75206530687438,10.321443692997814,25.08933578159188,195,13.662729525282497
11508,6282,康舒,TWSE,M23D 電子零組件,38.4733395585149,13.649726786672975,25.08933578159188,195,13.38400377692302
11508,5278,尚凡*,TPEx,M23E 數位雲端,25.25345354641489,3.526937776853821,11.881400723492241,20,13.372052822922647
11508,1533,車王電,TWSE,M15D 汽車組件,20.05739337965538,19.12577791826223,6.816747433041865,54,13.240645946613515
11508,7402,邑錡,TPEx,M23U 消費性電子,15.53065319834953,3.4755038571832464,2.398733541059403,27,13.131919657290126
11508,8227,巨有科技,TPEx,M23G 半導體,42.2487983737675,14.197799180984191,29.27771748942473,163,12.971080884342769
11508,3019,亞光,TWSE,M23U 消費性電子,15.288008714183615,15.265439559415158,2.398733541059403,27,12.889275173124211
11508,2441,超豐,TWSE,M23G 半導體,41.984305244372294,2.25005717854771,29.27771748942473,163,12.706587754947563
11508,1773,勝一,TWSE,M17Z 其他化學,44.621686203410505,3.609811720552717,31.91683473311466,18,12.704851470295846
11508,1598,岱宇,TWSE,M15C 家電製品,23.842838104403427,3.0416792433846465,11.219507352700457,22,12.62333075170297
11508,2506,太設,TWSE,M25A 建設,34.73091364205256,3.6962779601026,22.16517290505406,74,12.565740736998503
11508,2375,凱美,TWSE,M23D 電子零組件,37.591888359720436,5.277616304815151,25.08933578159188,195,12.502552578128554
11508,4426,利勤,TWSE,M14C 成衣,17.51422984468607,4.149373013069587,5.367630831359371,28,12.1465990133267
11508,6955,邦睿生技-創,TWSE,M17G 醫療耗材,21.395550989766488,16.51118695487296,9.322370286362348,57,12.07318070340414
11508,2340,台亞,TWSE,M23C 光電及I/O,21.873683020341876,20.28400343908433,9.849321993850566,130,12.02436102649131
11508,6166,凌華,TWSE,M23A 電腦及週邊,47.83425710381272,7.156241522099848,35.82690162998942,65,12.007355473823296
11508,6151,晉倫,TPEx,M13A 石化,18.586018598204152,0.20787211038459558,6.645585813622416,30,11.940432784581736
11508,4108,懷特,TWSE,M17C 藥,25.833995234312948,6.5668880854284035,13.935210320845938,75,11.89878491346701
11508,6952,大武山,TWSE,M99Z 其他,17.09540412723407,7.731349167241549,5.206317955870409,27,11.88908617136366
11508,2849,安泰銀,TWSE,M28A 本國銀行,18.897849055215733,0.6943121014439639,7.060368875130942,9,11.83748018008479
11508,6680,鑫創電子,TPEx,M23A 電腦及週邊,47.61081911344709,64.96352322712156,35.82690162998942,65,11.783917483457671
11508,4746,台耀,TWSE,M17C 藥,25.693381255304576,18.631726170085077,13.935210320845938,75,11.758170934458638
11508,1736,喬山,TWSE,M15C 家電製品,22.657167851484374,5.671153526224484,11.219507352700457,22,11.437660498783917
11508,6224,聚鼎,TWSE,M23D 電子零組件,36.500738015273704,0.3500693533624586,25.08933578159188,195,11.411402233681823
11508,2732,六角,TPEx,M27A 餐飲飯店,15.261448373667596,7.127591724384867,4.04536424457842,40,11.216084129089175
11508,5347,世界,TPEx,M23G 半導體,40.47646040957919,8.22141639476365,29.27771748942473,163,11.198742920154459
11508,3666,光耀,TPEx,M23C 光電及I/O,21.000969461948618,35.513860143181894,9.849321993850566,130,11.151647468098052
11508,6558,興能高,TWSE,M23D 電子零組件,35.96004439511654,85.8847704101794,25.08933578159188,195,10.87070861352466
11508,2608,嘉里大榮,TWSE,M26C 貨運倉儲,18.555452003727865,40.18761171363679,7.804528243900269,15,10.750923759827597
11508,4979,華星光,TPEx,M23K 通信網路,37.44891612802506,7.289834249582823,26.817191653679874,74,10.631724474345187
11508,5230,雷笛克光學,TPEx,M23C 光電及I/O,20.423527300462112,3.2163292930535903,9.849321993850566,130,10.574205306611546
11508,4915,致伸,TWSE,M23C 光電及I/O,20.37763660684673,4.59806262039478,9.849321993850566,130,10.528314612996162
11508,4563,百德,TPEx,M15A 機械,29.211772665764546,51.130895231445116,18.699479537392047,44,10.512293128372498
11508,3588,通嘉,TWSE,M23G 半導體,39.76175548589342,1.6229029905178702,29.27771748942473,163,10.484037996468686
11508,2640,大車隊,TPEx,M26B 陸運,19.243006734772905,2.151839425993755,8.835378430947415,2,10.40762830382549
11508,3541,西柏,TPEx,M23C 光電及I/O,20.254520950476675,0.1720790275234423,9.849321993850566,130,10.405198956626108
11508,2323,中環,TWSE,M23C 光電及I/O,20.092584605652835,10.118052475348868,9.849321993850566,130,10.243262611802269
11508,4749,新應材,TPEx,M17Z 其他化學,41.953207096504144,16.86012467740264,31.91683473311466,18,10.036372363389486
11508,3558,神準,TPEx,M23K 通信網路,36.80402071943234,23.76508531968961,26.817191653679874,74,9.986829065752463
11508,6712,長聖,TPEx,M17H 生物科技,21.10407899532788,10.475883402017189,11.542346291878882,11,9.561732703448996
11508,6491,晶碩,TWSE,M17G 醫療耗材,18.878799016501482,0.6425774989236727,9.322370286362348,57,9.556428730139134
11508,4550,長佳,TPEx,M15B 電機製品,20.109098159858714,45.498619737750175,10.714814018047969,14,9.394284141810745
11508,6902,GOGOLOOK,TWSE,M23X 資訊服務,29.54663766875282,2.0392542780602483,20.16137918832383,73,9.385258480428988
11508,7584,樂意,TPEx,M23X 資訊服務,29.473992459460447,8.668892348025562,20.16137918832383,73,9.312613271136616
11508,4706,大恭,TPEx,M17B 染料及顏料,18.358184839811653,7.767724851045049,9.254815718380485,6,9.103369121431168
11508,8908,欣雄,TPEx,M99D 公用事業,24.431590380592066,15.910587894440207,15.499684873151953,15,8.931905507440113
11508,6180,橘子,TPEx,M23X 資訊服務,28.999878485419664,7.096722730674575,20.16137918832383,73,8.838499297095833
11508,1310,台苯,TWSE,M13A 石化,15.383177361480811,23.676891052864544,6.645585813622416,30,8.737591547858395
11508,5234,達興材料,TWSE,M23C 光電及I/O,18.52409047500687,1.2532465500516319,9.849321993850566,130,8.674768481156303
11508,6168,宏齊,TWSE,M23C 光電及I/O,18.51905389054854,7.69563821403205,9.849321993850566,130,8.669731896697975
11508,6708,天擎,TPEx,M23G 半導體,37.738212400465244,0.8912772789828953,29.27771748942473,163,8.460494911040513
11508,8049,晶采,TPEx,M23C 光電及I/O,18.283126303722774,14.732045205978855,9.849321993850566,130,8.433804309872208
11508,4167,松瑞藥,TPEx,M17C 藥,22.2998079492318,20.200859654701944,13.935210320845938,75,8.36459762838586
11508,5608,四維航,TWSE,M26A 海運,39.146736585822644,2.5852951328960994,31.062250846303606,12,8.084485739519039
11508,4169,泰宗,TWSE,M17C 藥,21.796278158667974,0.6572663547619433,13.935210320845938,75,7.861067837822036
11508,9949,琉園,TPEx,M18 玻璃陶瓷,15.085179627504633,39.62304562004712,7.346100003793483,6,7.7390796237111505
11508,1734,杏輝,TWSE,M17C 藥,21.575387983268833,9.755469210436232,13.935210320845938,75,7.640177662422895
11508,3374,精材,TPEx,M23G 半導體,36.740456579788635,5.58187186808132,29.27771748942473,163,7.462739090363904
11508,6417,韋僑,TPEx,M23K 通信網路,34.27285721017167,2.5349629380862138,26.817191653679874,74,7.455665556491798
11508,3023,信邦,TWSE,M23D 電子零組件,32.47027412494115,3.5803786271631632,25.08933578159188,195,7.380938343349268
11508,6569,醫揚,TPEx,M23A 電腦及週邊,43.1978153413,146.10081312644388,35.82690162998942,65,7.370913711310578
11508,3703,欣陸,TWSE,M25B 營造,15.273080235304398,4.99235096142531,7.954559176920941,17,7.318521058383458
11508,3597,映興,TPEx,M23D 電子零組件,32.36772319737341,7.093452119453611,25.08933578159188,195,7.278387415781527
11508,2013,中鋼構,TWSE,M20A 基本金屬,19.04007978225205,1.5964588880544366,11.847793061266259,53,7.192286720985791
11508,5340,建榮,TPEx,M23B 印刷電路板,47.7710740243099,4.366353030835971,40.582840603580124,66,7.188233420729773
11508,2069,運錩,TWSE,M20A 基本金屬,18.856326560148588,11.291967972776106,11.847793061266259,53,7.008533498882329
11508,3675,德微,TPEx,M23D 電子零組件,31.505894727615374,3.0865109439899956,25.08933578159188,195,6.416558946023493
11508,4164,承業醫,TWSE,M17G 醫療耗材,15.423642820903094,0.3279953694771368,9.322370286362348,57,6.101272534540746
11508,8416,實威,TPEx,M23X 資訊服務,25.98851179389476,28.934464394843292,20.16137918832383,73,5.827132605570927
11508,2884,玉山金,TWSE,M28L 金融控股,19.28818447821957,12.303929261760363,13.898753138784288,13,5.389431339435282
11508,8927,北基,TPEx,M99D 公用事業,20.77385680542557,9.949750062946668,15.499684873151953,15,5.274171932273617
11508,4939,亞電,TPEx,M23B 印刷電路板,45.40855152574406,3.3928943065259403,40.582840603580124,66,4.825710922163935
11508,8421,旭源,TPEx,M13B 塑膠製品,25.498522513586675,1.6664713661549793,20.708674735043566,8,4.789847778543109
11508,8411,福貞-KY,TWSE,M20B 金屬製品,42.410299412069655,21.437956962742195,37.664156804152086,11,4.7461426079175695
11508,2538,基泰,TWSE,M25A 建設,26.89925681255161,12.64947083886929,22.16517290505406,74,4.734083907497549
11508,2107,厚生,TWSE,M21B 橡膠,20.50908735587258,0.7499326040960371,15.846473917368748,2,4.662613438503833
11508,3293,鈊象,TPEx,M23X 資訊服務,24.804093366160956,1.775592877528285,20.16137918832383,73,4.642714177837124
11508,5212,凌網,TPEx,M23X 資訊服務,24.776735094975326,23.131926683716966,20.16137918832383,73,4.615355906651494
11508,6127,九豪,TPEx,M23D 電子零組件,29.684085998140972,14.750053407391583,25.08933578159188,195,4.594750216549091
11508,2399,映泰,TWSE,M23A 電腦及週邊,40.00112885928769,2.943587295987715,35.82690162998942,65,4.174227229298268
11508,6291,沛亨,TPEx,M23G 半導體,33.424356653112106,10.458935021746788,29.27771748942473,163,4.146639163687375
11508,6805,富世達,TWSE,M23D 電子零組件,29.136067855214495,12.37026988276037,25.08933578159188,195,4.046732073622614
11508,4971,IET-KY,TPEx,M23G 半導體,33.0330594065617,0.9069194240633416,29.27771748942473,163,3.755341917136967
11508,1777,生泰,TPEx,M17C 藥,17.68207527407304,32.09429008112239,13.935210320845938,75,3.7468649532271012
11508,2369,菱生,TWSE,M23G 半導體,32.89685341106471,0.015268721711966471,29.27771748942473,163,3.6191359216399803
11508,6923,中台,TWSE,M99L 資源回收,19.132352496903415,8.356002527958672,15.567574908502475,28,3.56477758840094
11508,7738,東聯互動,TPEx,M23E 數位雲端,15.280582804385459,16.253273203375038,11.881400723492241,20,3.399182080893217
11508,2006,東和鋼鐵,TWSE,M20A 基本金屬,15.124090050648597,0.7229677931817972,11.847793061266259,53,3.276296989382338
11508,5328,華容,TPEx,M23D 電子零組件,28.28088038671192,0.5674316411171247,25.08933578159188,195,3.19154460512004
11508,4716,大立,TPEx,M17F 樹脂,23.703799878819353,29.077854046242773,20.56055139970624,16,3.1432484791131117
11508,3679,新至陞,TWSE,M23D 電子零組件,28.179561259600167,5.022696344794115,25.08933578159188,195,3.0902254780082856
11508,2436,偉詮電,TWSE,M23G 半導體,32.146686219899934,6.272639429151904,29.27771748942473,163,2.8689687304752027
11508,2353,宏碁,TWSE,M23A 電腦及週邊,38.41493141468421,12.177830290438726,35.82690162998942,65,2.5880297846947897
11508,2645,長榮航太,TWSE,M22B 機車船製造,25.965948554084736,7.285860826444938,23.571776912366506,11,2.3941716417182306
11508,8070,長華*,TWSE,M23T 電子通路,37.57073355876061,0.03221264106471067,35.1919397058577,57,2.378793852902909
11508,2449,京元電子,TWSE,M23G 半導體,31.577957840545338,2.239981837781924,29.27771748942473,163,2.300240351120607
11508,2505,國揚,TWSE,M25A 建設,24.460051290896107,199.83030576028455,22.16517290505406,74,2.294878385842047
11508,7556,意德士科技,TPEx,M23H 電子設備,44.717453836874824,6.786716877781582,42.51717000649329,84,2.2002838303815366
11508,5536,聖暉*,TPEx,M23H 電子設備,44.54132881735161,25.561042349602662,42.51717000649329,84,2.0241588108583244
11508,5493,三聯,TPEx,M23H 電子設備,44.534401265170494,18.820951528818853,42.51717000649329,84,2.0172312586772065
11508,5398,慕康生醫,TPEx,M17C 藥,15.644184086987924,128.20269200316707,13.935210320845938,75,1.7089737661419857
11508,8284,三竹,TPEx,M23X 資訊服務,21.735913837853303,0.48957089161959905,20.16137918832383,73,1.5745346495294719
11508,3164,景岳,TWSE,M17C 藥,15.497789297148955,9.981126596980255,13.935210320845938,75,1.5625789763030173
11508,6781,AES-KY,TWSE,M23D 電子零組件,26.639774680160397,1.611855793052898,25.08933578159188,195,1.5504388985685154
11508,5864,致和證,TPEx,M30A 證券,112.91695834947213,161.49784872072783,111.39694347967702,8,1.520014869795105
11508,2303,聯電,TWSE,M23G 半導體,30.71441291503008,5.035202709942881,29.27771748942473,163,1.4366954256053504
11508,4711,永純,TPEx,M17F 樹脂,21.906580592827932,2.0787343635025755,20.56055139970624,16,1.3460291931216908
11508,6221,晉泰,TPEx,M23X 資訊服務,21.475620022016447,76.27710476562764,20.16137918832383,73,1.3142408336926152
11508,3704,合勤控,TWSE,M23K 通信網路,28.10811049078664,36.47374577769244,26.817191653679874,74,1.2909188371067657
11508,3105,穩懋,TPEx,M23G 半導體,30.55209457123739,2.396766679932708,29.27771748942473,163,1.2743770818126592
11508,1708,東鹼,TWSE,M17Z 其他化學,33.17216667449029,6.420670435594013,31.91683473311466,18,1.2553319413756334
11508,3047,訊舟,TWSE,M23K 通信網路,28.02266770037287,13.565004523442074,26.817191653679874,74,1.205476046692997
11508,1560,中砂,TWSE,M23G 半導體,30.37794617921122,1.4432661682027883,29.27771748942473,163,1.1002286897864906
11508,3372,典範,TPEx,M23G 半導體,30.100964820229642,1.2198891874539273,29.27771748942473,163,0.8232473308049109
11508,6590,普鴻,TPEx,M23X 資訊服務,20.88063295493636,4.872912970669673,20.16137918832383,73,0.7192537666125283
11508,3035,智原,TWSE,M23G 半導體,29.883694137526195,11.452916613705801,29.27771748942473,163,0.6059766481014641
11508,4958,臻鼎-KY,TWSE,M23B 印刷電路板,41.05228119001421,17.41747670782486,40.582840603580124,66,0.46944058643408937
11508,3707,漢磊,TPEx,M23G 半導體,29.540932278131674,1.8097584621607186,29.27771748942473,163,0.2632147887069429
11508,6197,佳必琪,TWSE,M23D 電子零組件,25.34617547890212,0.9216418715092499,25.08933578159188,195,0.25683969731023737
11508,2301,光寶科,TWSE,M23D 電子零組件,25.200742370543818,3.0878581903714792,25.08933578159188,195,0.11140658895193667
11508,1423,利華,TWSE,M14D 毛紡,140.2441731409545,81.86859351369517,140.2441731409545,1,0.0
11508,2820,華票,TWSE,M28F 票券公司,54.67421856837923,16.76994849736105,54.67421856837923,1,0.0
11508,3532,台勝科,TWSE,M23G 半導體,29.27771748942473,2.2119027720539877,29.27771748942473,163,0.0
11508,6505,台塑化,TWSE,M13C 輕油裂解,50.28664779657053,9.469141242793931,50.28664779657053,1,0.0
11508,9918,欣天然,TWSE,M99D 公用事業,15.499684873151953,10.31054188906939,15.499684873151953,15,0.0
11508,9940,信義,TWSE,M25D 仲介建經,26.24243876694443,10.863262440384254,26.24243876694443,1,0.0
11508,1599,宏佳騰,TPEx,M22A 汽車製造,98.4969606411519,17.30303796553842,98.4969606411519,7,0.0
11508,3587,閎康,TPEx,M23Z 其他電子,17.780449485962418,0.38038276237442664,17.780449485962418,13,0.0
11508,8423,保綠-KY,TPEx,M21C 橡膠原料,16.964632724446172,1.9075568598679384,16.964632724446172,5,0.0
11508,3189,景碩,TWSE,M23B 印刷電路板,40.57567965225748,5.7332946714025335,40.582840603580124,66,-0.0071609513226462695
11508,8131,福懋科,TWSE,M23G 半導體,29.24867970676851,4.374788506525033,29.27771748942473,163,-0.029037782656221367
11508,1735,日勝化,TWSE,M17F 樹脂,20.1726333820904,1.0867785413869409,20.56055139970624,16,-0.3879180176158421
11508,3479,安勤,TPEx,M23A 電腦及週邊,35.43316627661718,0.4896825844869728,35.82690162998942,65,-0.39373535337224297
11508,6257,矽格,TWSE,M23G 半導體,28.584107151402755,2.718170020047801,29.27771748942473,163,-0.6936103380219762
11508,6139,亞翔,TWSE,M23H 電子設備,41.68738766970338,0.8238097120440502,42.51717000649329,84,-0.8297823367899113
11508,3607,谷崧,TWSE,M23D 電子零組件,24.039361310237073,16.66560466431433,25.08933578159188,195,-1.0499744713548083
11508,2618,長榮航,TWSE,M26D 空運,24.91631705549541,1.9481659781440248,26.06987060312211,4,-1.1535535476267
11508,2412,中華電,TWSE,M23K 通信網路,25.611715606986877,17.22232894775221,26.817191653679874,74,-1.205476046692997
11508,2855,統一證,TWSE,M30A 證券,109.8769286098819,122.47776672091175,111.39694347967702,8,-1.5200148697951192
11508,3042,晶技,TWSE,M23D 電子零組件,23.47690304200431,3.5931537635188127,25.08933578159188,195,-1.6124327395875717
11508,4938,和碩,TWSE,M23A 電腦及週邊,34.11291108532581,2.6620623152055276,35.82690162998942,65,-1.7139905446636092
11508,3034,聯詠,TWSE,M23G 半導體,26.33031651680444,0.30216585867666274,29.27771748942473,163,-2.94740097262029
11508,6526,達發,TWSE,M23G 半導體,26.112143768975987,2.2055444001139426,29.27771748942473,163,-3.1655737204487444
11508,6134,萬旭,TPEx,M23D 電子零組件,21.72627200324659,3.6087927081489286,25.08933578159188,195,-3.3630637783452926
11508,6435,大中,TPEx,M23G 半導體,25.82854012599288,1.6283567856171284,29.27771748942473,163,-3.4491773634318506
11508,6136,富爾特,TWSE,M23T 電子通路,31.718972752645424,4.488547672899876,35.1919397058577,57,-3.472966953212275
11508,6720,久昌,TPEx,M23G 半導體,25.4902717726992,1.2963136081767475,29.27771748942473,163,-3.787445716725532
11508,3002,歐格,TWSE,M23D 電子零組件,21.20531069213801,3.0940243557065985,25.08933578159188,195,-3.8840250894538713
11508,2612,中航,TWSE,M26A 海運,27.160830492717693,6.696523291079207,31.062250846303606,12,-3.9014203535859124
11508,6757,台灣虎航,TWSE,M26D 空運,22.013048217250976,0.9961702274305271,26.06987060312211,4,-4.056822385871133
11508,8110,華東,TWSE,M23G 半導體,24.848656400375955,16.06144926524892,29.27771748942473,163,-4.429061089048776
11508,6239,力成,TWSE,M23G 半導體,24.459768182447533,3.4753008204342057,29.27771748942473,163,-4.817949306977198
11508,6568,宏觀,TPEx,M23G 半導體,24.35377542611788,8.288090944283407,29.27771748942473,163,-4.92394206330685
11508,4927,泰鼎-KY,TWSE,M23B 印刷電路板,35.519426974762084,16.108890898588214,40.582840603580124,66,-5.06341362881804
11508,2328,廣宇,TWSE,M23D 電子零組件,19.666466852484646,5.681220487308872,25.08933578159188,195,-5.422868929107235
11508,8155,博智,TPEx,M23B 印刷電路板,35.13714040691652,0.6892293554269632,40.582840603580124,66,-5.445700196663601
11508,6118,建達,TPEx,M23T 電子通路,29.63824843568012,8.965594854665001,35.1919397058577,57,-5.5536912701775805
11508,3652,精聯,TWSE,M23A 電腦及週邊,29.970511106802853,0.3252941825113026,35.82690162998942,65,-5.856390523186569
11508,6271,同欣電,TWSE,M23G 半導體,23.09255412735144,3.8657169222547907,29.27771748942473,163,-6.18516336207329
11508,3592,瑞鼎,TWSE,M23G 半導體,22.845652560060394,5.382781726893861,29.27771748942473,163,-6.432064929364337
11508,3005,神基,TWSE,M23D 電子零組件,18.388723770836382,6.558643870583498,25.08933578159188,195,-6.700612010755499
11508,6207,雷科,TPEx,M23H 電子設備,35.8085613537419,22.146134901932992,42.51717000649329,84,-6.708608652751387
11508,3563,牧德,TWSE,M23H 電子設備,35.677791635986594,0.4167836756483224,42.51717000649329,84,-6.839378370506694
11508,6290,良維,TPEx,M23D 電子零組件,18.185830032649193,8.044803695662052,25.08933578159188,195,-6.903505748942688
11508,3191,雲嘉南,TPEx,M23D 電子零組件,17.85159517266101,15.45124663467166,25.08933578159188,195,-7.237740608930871
11508,2450,神腦,TWSE,M23T 電子通路,27.642117309427462,17.314616980235677,35.1919397058577,57,-7.549822396430237
11508,3211,順達,TPEx,M23D 電子零組件,17.340478611401327,36.46637346467741,25.08933578159188,195,-7.748857170190554
11508,6485,點序,TPEx,M23G 半導體,21.16392306866639,8.327153762268265,29.27771748942473,163,-8.113794420758342
11508,3013,晟銘電,TWSE,M23D 電子零組件,16.382499777124007,13.985018390489577,25.08933578159188,195,-8.706836004467874
11508,3611,鼎翰,TPEx,M23A 電腦及週邊,26.656778992975468,3.7047271990124298,35.82690162998942,65,-9.170122637013954
11508,6579,研揚,TWSE,M23A 電腦及週邊,26.581888048528153,7.770802946863022,35.82690162998942,65,-9.245013581461269
11508,6182,合晶,TPEx,M23G 半導體,19.9699020023529,1.0161289349351645,29.27771748942473,163,-9.307815487071831
11508,3402,漢科,TPEx,M23H 電子設備,32.84345231390374,1.5914357716656193,42.51717000649329,84,-9.673717692589548
11508,6664,群翊,TPEx,M23H 電子設備,32.275160239470324,0.20601820676802568,42.51717000649329,84,-10.242009767022964
11508,6561,是方,TPEx,M23K 通信網路,16.375621415841618,0.17540342788413352,26.817191653679874,74,-10.441570237838256
11508,4904,遠傳,TWSE,M23K 通信網路,15.651609823935727,3.184026411386571,26.817191653679874,74,-11.165581829744147
11508,6789,采鈺,TWSE,M23G 半導體,17.992794713554545,0.4368693218467459,29.27771748942473,163,-11.284922775870186
11508,6516,勤崴國際,TPEx,M23K 通信網路,15.206729060537851,10.940494660947339,26.817191653679874,74,-11.610462593142023
11508,6229,研通,TPEx,M23G 半導體,16.850357137979543,3.8030840407161315,29.27771748942473,163,-12.427360351445188
11508,3485,敘豐,TPEx,M23H 電子設備,29.910874191441394,7.166197378941148,42.51717000649329,84,-12.606295815051894
11508,8488,吉源-KY,TWSE,M20B 金屬製品,24.98128421100391,21.703263757834343,37.664156804152086,11,-12.682872593148176
11508,2493,揚博,TWSE,M23H 電子設備,29.353931680575485,1.0677981439214936,42.51717000649329,84,-13.163238325917803
11508,6909,創控,TWSE,M23H 電子設備,29.348336678481445,98.6457240293809,42.51717000649329,84,-13.168833328011843
11508,2423,固緯,TWSE,M23H 電子設備,28.149700598802394,6.55518489803757,42.51717000649329,84,-14.367469407690894
11508,6683,雍智科技,TPEx,M23B 印刷電路板,25.735179207509955,1.359728575586573,40.582840603580124,66,-14.847661396070169
11508,3580,友威科,TPEx,M23H 電子設備,26.860035572581747,55.99259757738896,42.51717000649329,84,-15.65713443391154
11508,3413,京鼎,TWSE,M23H 電子設備,23.54138354194384,4.017521416143346,42.51717000649329,84,-18.975786464549447
11508,3455,由田,TPEx,M23H 電子設備,22.429263197873148,37.95067936236226,42.51717000649329,84,-20.08790680862014
11508,3551,世禾,TPEx,M23H 電子設備,21.973307718294265,0.02369794795797119,42.51717000649329,84,-20.543862288199023
11508,3219,倚強科,TPEx,M23H 電子設備,19.72583901879228,1.6781945735222759,42.51717000649329,84,-22.79133098770101
11508,3583,辛耘,TWSE,M23H 電子設備,18.057239217229007,9.766687763539672,42.51717000649329,84,-24.45993078926428
11508,6153,嘉聯益,TWSE,M23B 印刷電路板,15.951204384178762,0.48091628697264965,40.582840603580124,66,-24.63163621940136
11508,6005,群益證,TWSE,M30A 證券,45.34586757893414,48.11666933847363,111.39694347967702,8,-66.05107590074289
11508,2237,華德動能-創,TWSE,M22A 汽車製造,30.064676727490944,16.62574535250789,98.4969606411519,7,-68.43228391366095
