company_id,tse_industry_code,tej_industry,tej_sub_industry
1101,01,M11A 水泥製造,M11A 水泥製造
1102,01,M11A 水泥製造,M11A 水泥製造
1103,01,M11A 水泥製造,M11A 水泥製造
1104,01,M11A 水泥製造,M11A 水泥製造
1108,01,M11A 水泥製造,M11A 水泥製造
1109,01,M11A 水泥製造,M11A 水泥製造
1110,01,M11A 水泥製造,M11A 水泥製造
1201,02,M12C 飲料乳品,M12C 飲料乳品
1203,02,M12Z 其他食品,M12Z 其他食品
1210,02,M12B 油脂飼料,M12B 油脂飼料
1213,02,M12C 飲料乳品,M12C 飲料乳品
1215,02,M12B 油脂飼料,M12B 油脂飼料
1216,02,M12C 飲料乳品,M12C 飲料乳品
1217,02,M12A 罐頭加工,M12A 罐頭加工
1218,02,M12B 油脂飼料,M12B 油脂飼料
1219,02,M12B 油脂飼料,M12B 油脂飼料
1220,02,M12B 油脂飼料,M12B 油脂飼料
1225,02,M12B 油脂飼料,M12B 油脂飼料
1227,02,M12Z 其他食品,M12Z 其他食品
1229,02,M12B 油脂飼料,M12B 油脂飼料
1231,02,M12Z 其他食品,M12Z 其他食品
1232,02,M12B 油脂飼料,M12B 油脂飼料
1233,02,M12Z 其他食品,M12Z 其他食品
1234,02,M12C 飲料乳品,M12C 飲料乳品
1235,02,M12B 油脂飼料,M12B 油脂飼料
1236,02,M12Z 其他食品,M12Z 其他食品
1240,33,M12B 油脂飼料,M12B 油脂飼料
1256,02,M12C 飲料乳品,M12C 飲料乳品
1259,16,M27A 餐飲飯店,M27A2 餐飲
1260,02,M12B 油脂飼料,M12B 油脂飼料
1264,02,M12Z 其他食品,M12Z 其他食品
1268,16,M27A 餐飲飯店,M27A2 餐飲
1269,16,M27A 餐飲飯店,M27A2 餐飲
1271,22,M17C 藥,M17C2 機能性食品
1293,02,M17C 藥,M17C2 機能性食品
1294,02,M17C 藥,M17C2 機能性食品
1295,02,M17C 藥,M17C2 機能性食品
1301,03,M13A 石化,M13A1 泛用塑膠
1303,03,M13A 石化,M13A1 泛用塑膠
1304,03,M13A 石化,M13A1 泛用塑膠
1305,03,M13A 石化,M13A1 泛用塑膠
1307,03,M13A 石化,M13A6 合成皮
1308,03,M13A 石化,M13A1 泛用塑膠
1309,03,M13A 石化,M13A1 泛用塑膠
1310,03,M13A 石化,M13A1 泛用塑膠
1312,03,M13A 石化,M13A1 泛用塑膠
1313,03,M13A 石化,M13A7 可塑劑
1314,03,M13A 石化,M13A5 化纖
1315,03,M13A 石化,M13A8 塑膠加工
1316,14,M25A 建設,M25A 建設
1319,12,M15D 汽車組件,M15D 汽車組件
1321,03,M13A 石化,M13A8 塑膠加工
1323,03,M13A 石化,M13A8 塑膠加工
1324,03,M13A 石化,M13A9 膠帶
1325,03,M14F 不織布,M14F 不織布
1326,03,M13A 石化,M13A1 泛用塑膠
1336,28,M23D 電子零組件,M23D9A 沖壓零組件
1337,03,M13B 塑膠製品,M13B 塑膠製品
1338,12,M15D 汽車組件,M15D 汽車組件
1339,12,M15D 汽車組件,M15D 汽車組件
1340,03,M13B 塑膠製品,M13B 塑膠製品
1341,03,M13A 石化,M13A6 合成皮
1342,20,M13B 塑膠製品,M13B 塑膠製品
1343,35,M13B 塑膠製品,M13B 塑膠製品
1402,04,M14A 人纖,M14A1 聚酯絲棉
1409,04,M14A 人纖,M14A1 聚酯絲棉
1410,04,M14E 染整,M14E 染整
1413,04,M14A 人纖,M14A2 加工絲
1414,04,M14B 棉紡,M14B1 聚酯紗棉紗
1416,20,M23X 資訊服務,M23X9 應用軟體
1417,04,M14C 成衣,M14C1 成衣製造
1418,04,M14B 棉紡,M14B2 亞克力纖維
1419,04,M14C 成衣,M14C2 織布
1423,04,M14D 毛紡,M14D2 毛紡
1432,37,M29A 百貨批發,M29A1 百貨及Mall
1434,04,M14C 成衣,M14C2 織布
1435,20,M25F 物業管理,M25F 物業管理
1436,14,M25A 建設,M25A 建設
1437,20,M25F 物業管理,M25F 物業管理
1438,14,M25A 建設,M25A 建設
1439,14,M25A 建設,M25A 建設
1440,04,M14A 人纖,M14A1 聚酯絲棉
1441,04,M14B 棉紡,M14B1 聚酯紗棉紗
1442,14,M25A 建設,M25A 建設
1443,20,M26C 貨運倉儲,M26C 貨運倉儲
1444,04,M14A 人纖,M14A2 加工絲
1445,04,M14C 成衣,M14C2 織布
1446,04,M25A 建設,M25A 建設
1447,04,M14A 人纖,M14A7 尼龍絲
1449,04,M14C 成衣,M14C2 織布
1451,04,M14C 成衣,M14C1 成衣製造
1452,04,M14A 人纖,M14A2 加工絲
1453,14,M25A 建設,M25A 建設
1454,04,M14C 成衣,M14C2 織布
1455,04,M14A 人纖,M14A7 尼龍絲
1456,14,M25A 建設,M25A 建設
1457,04,M14A 人纖,M14A2 加工絲
1459,04,M14A 人纖,M14A2 加工絲
1460,04,M14C 成衣,M14C2 織布
1463,04,M14E 染整,M14E 染整
1464,04,M14C 成衣,M14C2 織布
1465,04,M14C 成衣,M14C2 織布
1466,04,M14A 人纖,M14A7 尼龍絲
1467,04,M14C 成衣,M14C1 成衣製造
1468,04,M14C 成衣,M14C2 織布
1470,04,M14E 染整,M14E 染整
1471,28,M23D 電子零組件,M23D3 電源供應器
1472,14,M25B 營造,M25B 營造
1473,04,M14C 成衣,M14C1 成衣製造
1474,04,M14C 成衣,M14C2 織布
1475,04,M14C 成衣,M14C2 織布
1476,04,M14C 成衣,M14C1 成衣製造
1477,04,M14C 成衣,M14C1 成衣製造
1480,10,M20A 基本金屬,M20A6 不鏽鋼
1503,05,M15B 電機製品,M15B1 電機
1504,05,M15B 電機製品,M15B1 電機
1506,05,M15D 汽車組件,M15D 汽車組件
1512,12,M15D 汽車組件,M15D 汽車組件
1513,05,M15B 電機製品,M15B1 電機
1514,05,M15B 電機製品,M15B1 電機
1515,05,M15C 家電製品,M15C3 健身器材
1516,20,M99Z 其他,M99ZC 其他製造
1517,05,M15E 自行車組件,M15E 自行車組件
1519,05,M15B 電機製品,M15B1 電機
1521,12,M15D 汽車組件,M15D 汽車組件
1522,12,M15D 汽車組件,M15D 汽車組件
1524,12,M15D 汽車組件,M15D 汽車組件
1525,12,M15D 汽車組件,M15D 汽車組件
1526,05,M15E 自行車組件,M15E 自行車組件
1527,05,M15A 機械,M15A1 工具機
1528,05,M15A 機械,M15A1 工具機
1529,05,M15B 電機製品,M15B1 電機
1530,05,M15A 機械,M15A1 工具機
1531,05,M15A 機械,M15A3 紡織工具機
1532,05,M15A 機械,M15A2 模具零件
1533,12,M15D 汽車組件,M15D 汽車組件
1535,05,M15B 電機製品,M15B2 機電工程
1536,12,M15D 汽車組件,M15D 汽車組件
1537,05,M23D 電子零組件,M23D7 二次電池
1538,05,M15A 機械,M15A1 工具機
1539,05,M15A 機械,M15A1 工具機
1540,05,M15A 機械,M15A1 工具機
1541,05,M15A 機械,M15A1 工具機
1558,05,M15A 機械,M15A3 紡織工具機
1560,05,M23G 半導體,M23G3C 晶圓材料
1563,12,M15D 汽車組件,M15D 汽車組件
1565,22,M17G 醫療耗材,M17G4 輔助與彌補
1568,12,M15D 汽車組件,M15D 汽車組件
1569,25,M23D 電子零組件,M23D4 機殼
1570,05,M15A 機械,M15A1 工具機
1580,05,M15H 儀器設備,M15H 儀器設備
1582,28,M23D 電子零組件,M23D9A 沖壓零組件
1583,05,M15A 機械,M15A1 工具機
1584,20,M20A 基本金屬,M20A6 不鏽鋼
1586,05,M23D 電子零組件,M23D9A 沖壓零組件
1587,12,M15D 汽車組件,M15D 汽車組件
1589,05,M15A 機械,M15A2 模具零件
1590,05,M15A 機械,M15A2 模具零件
1591,05,M20B 金屬製品,M20B 金屬製品
1593,37,M15C 家電製品,M15C3 健身器材
1594,05,M15B 電機製品,M15B2 機電工程
1595,28,M23H 電子設備,M23H2 電機設備
1597,05,M15A 機械,M15A2 模具零件
1598,37,M15C 家電製品,M15C3 健身器材
1599,05,M22A 汽車製造,M22A 汽車製造
1603,06,M16 電纜,M16 電纜
1604,06,M15C 家電製品,M15C1 家電
1605,06,M16 電纜,M16 電纜
1608,06,M16 電纜,M16 電纜
1609,06,M16 電纜,M16 電纜
1611,06,M15C 家電製品,M15C4 照明
1612,06,M16 電纜,M16 電纜
1614,06,M15C 家電製品,M15C1 家電
1615,06,M16 電纜,M16 電纜
1616,06,M16 電纜,M16 電纜
1617,06,M16 電纜,M16 電纜
1618,06,M16 電纜,M16 電纜
1623,06,M16 電纜,M16 電纜
1626,06,M15C 家電製品,M15C1 家電
1702,02,M12B 油脂飼料,M12B 油脂飼料
1707,22,M17C 藥,M17C2 機能性食品
1708,21,M17Z 其他化學,M17Z 其他化學
1709,21,M17E 清潔劑,M17E1 清潔劑原料
1710,21,M13A 石化,M13A5 化纖
1711,21,M17B 染料及顏料,M17B 染料及顏料
1712,21,M17C 藥,M17C3 農藥肥料
1713,21,M17B 染料及顏料,M17B 染料及顏料
1714,21,M17E 清潔劑,M17E1 清潔劑原料
1717,21,M17F 樹脂,M17F 樹脂
1718,21,M13A 石化,M13A5 化纖
1720,22,M17C 藥,M17C1B 學名藥
1721,21,M17F 樹脂,M17F 樹脂
1722,21,M17C 藥,M17C3 農藥肥料
1723,21,M17Z 其他化學,M17Z 其他化學
1725,21,M17Z 其他化學,M17Z 其他化學
1726,21,M17B 染料及顏料,M17B 染料及顏料
1727,21,M17Z 其他化學,M17Z 其他化學
1730,21,M17E 清潔劑,M17E2 清潔用品
1731,22,M17C 藥,M17C1C 小分子新藥
1732,21,M17E 清潔劑,M17E2 清潔用品
1733,22,M17G 醫療耗材,M17G3 體外診斷
1734,22,M17C 藥,M17C1B 學名藥
1735,21,M17F 樹脂,M17F 樹脂
1736,37,M15C 家電製品,M15C3 健身器材
1737,02,M12Z 其他食品,M12Z 其他食品
1742,21,M17Z 其他化學,M17Z 其他化學
1752,22,M17C 藥,M17C1B 學名藥
1760,22,M17C 藥,M17C1C 小分子新藥
1762,22,M17C 藥,M17C1A 原料藥
1773,21,M17Z 其他化學,M17Z 其他化學
1776,21,M17F 樹脂,M17F 樹脂
1777,22,M17C 藥,M17C1A 原料藥
1780,22,M17C 藥,M17C2 機能性食品
1781,22,M17G 醫療耗材,M17G1 診斷與監測
1783,22,M17G 醫療耗材,M17G4 輔助與彌補
1784,22,M17H 生物科技,M17H1 細胞醫療
1785,31,M99L 資源回收,M99L1 貴金屬回收
1786,22,M17G 醫療耗材,M17G4 輔助與彌補
1788,22,M17G 醫療耗材,M17G2 手術與治療
1789,22,M17C 藥,M17C1A 原料藥
1795,22,M17C 藥,M17C1B 學名藥
1796,02,M17C 藥,M17C2 機能性食品
1799,22,M17C 藥,M17C1B 學名藥
1802,08,M18 玻璃陶瓷,M18 玻璃陶瓷
1805,14,M25A 建設,M25A 建設
1806,08,M18 玻璃陶瓷,M18 玻璃陶瓷
1808,14,M25A 建設,M25A 建設
1809,08,M18 玻璃陶瓷,M18 玻璃陶瓷
1810,08,M18 玻璃陶瓷,M18 玻璃陶瓷
1813,22,M17G 醫療耗材,M17G4 輔助與彌補
1815,28,M23B 印刷電路板,M23B3B 玻纖紗布
1817,08,M18 玻璃陶瓷,M18 玻璃陶瓷
1903,09,M19A 造紙,M19A 造紙
1904,09,M19A 造紙,M19A 造紙
1905,09,M19B 紙漿,M19B 紙漿
1906,09,M19A 造紙,M19A 造紙
1907,09,M19A 造紙,M19A 造紙
1909,09,M19A 造紙,M19A 造紙
2002,10,M20A 基本金屬,M20A3 鋼板
2006,10,M20A 基本金屬,M20A2 鋼筋
2007,10,M20A 基本金屬,M20A1 線材
2008,10,M20A 基本金屬,M20A7 鋼管
2009,10,M20A 基本金屬,M20A4 銅
2010,10,M20A 基本金屬,M20A3 鋼板
2012,10,M20A 基本金屬,M20A1 線材
2013,10,M20A 基本金屬,M20A2 鋼筋
2014,10,M20A 基本金屬,M20A3 鋼板
2015,10,M20A 基本金屬,M20A2 鋼筋
2017,10,M20A 基本金屬,M20A1 線材
2020,10,M20A 基本金屬,M20A7 鋼管
2022,10,M20A 基本金屬,M20A1 線材
2023,10,M20A 基本金屬,M20A3 鋼板
2024,10,M20A 基本金屬,M20A1 線材
2025,10,M20A 基本金屬,M20A6 不鏽鋼
2027,10,M20A 基本金屬,M20A6 不鏽鋼
2028,10,M20A 基本金屬,M20A2 鋼筋
2029,10,M20A 基本金屬,M20A3 鋼板
2030,10,M20A 基本金屬,M20A7 鋼管
2031,10,M20A 基本金屬,M20A3 鋼板
2032,10,M20A 基本金屬,M20A6 不鏽鋼
2033,10,M20A 基本金屬,M20A1 線材
2034,10,M20A 基本金屬,M20A7 鋼管
2035,10,M20A 基本金屬,M20A6 不鏽鋼
2038,10,M20A 基本金屬,M20A2 鋼筋
2049,05,M15A 機械,M15A2 模具零件
2059,28,M20B 金屬製品,M20B 金屬製品
2061,06,M16 電纜,M16 電纜
2062,38,M99B 五金及家具,M99B 五金及家具
2063,10,M20A 基本金屬,M20A1 線材
2064,10,M20A 基本金屬,M20A1 線材
2065,10,M20A 基本金屬,M20A1 線材
2066,05,M15D 汽車組件,M15D 汽車組件
2067,05,M15A 機械,M15A2 模具零件
2069,10,M20A 基本金屬,M20A6 不鏽鋼
2070,05,M15H 儀器設備,M15H 儀器設備
2071,10,M20A 基本金屬,M20A1 線材
2072,10,M20A 基本金屬,M20A9 金屬加工
2073,10,M20A 基本金屬,M20A1 線材
2101,11,M21A 輪胎,M21A 輪胎
2102,11,M21A 輪胎,M21A 輪胎
2103,11,M21C 橡膠原料,M21C 橡膠原料
2104,11,M21C 橡膠原料,M21C 橡膠原料
2105,11,M21A 輪胎,M21A 輪胎
2106,11,M21A 輪胎,M21A 輪胎
2107,11,M21B 橡膠,M21B2 其他橡膠
2108,11,M21C 橡膠原料,M21C 橡膠原料
2109,11,M21A 輪胎,M21A 輪胎
2114,11,M21B 橡膠,M21B1 工業橡膠
2115,12,M15D 汽車組件,M15D 汽車組件
2201,12,M22A 汽車製造,M22A 汽車製造
2204,12,M22A 汽車製造,M22A 汽車製造
2206,12,M22B 機車船製造,M22B2 機車製造
2207,12,M22X 汽車買賣,M22X 汽車買賣
2208,15,M22B 機車船製造,M22B1 船舶製造
2211,10,M20A 基本金屬,M20A2 鋼筋
2221,20,M20A 基本金屬,M20A7 鋼管
2227,12,M22X 汽車買賣,M22X 汽車買賣
2228,12,M15D 汽車組件,M15D 汽車組件
2230,05,M15D 汽車組件,M15D 汽車組件
2231,12,M15D 汽車組件,M15D 汽車組件
2233,12,M15D 汽車組件,M15D 汽車組件
2235,05,M15D 汽車組件,M15D 汽車組件
2236,12,M15D 汽車組件,M15D 汽車組件
2237,05,M22A 汽車製造,M22A 汽車製造
2239,12,M15D 汽車組件,M15D 汽車組件
2241,12,M15D 汽車組件,M15D 汽車組件
2243,12,M15A 機械,M15A2 模具零件
2245,05,M15D 汽車組件,M15D 汽車組件
2247,12,M22X 汽車買賣,M22X 汽車買賣
2248,12,M15D 汽車組件,M15D 汽車組件
2249,05,M15D 汽車組件,M15D 汽車組件
2250,12,M15D 汽車組件,M15D 汽車組件
2252,31,M15D 汽車組件,M15D 汽車組件
2254,12,M15D 汽車組件,M15D 汽車組件
2255,31,M23C 光電及I/O,M23C1 顯示器
2256,31,M15D 汽車組件,M15D 汽車組件
2258,12,M22A 汽車製造,M22A 汽車製造
2301,25,M23D 電子零組件,M23D3 電源供應器
2302,24,M23D 電子零組件,M23D1 分離式元件
2303,24,M23G 半導體,M23G1A 晶圓代工
2305,25,M23C 光電及I/O,M23C2 影像掃描
2308,28,M23D 電子零組件,M23D3 電源供應器
2312,31,M23A 電腦及週邊,M23A1 EMS
2313,28,M23B 印刷電路板,M23B2B 硬板
2314,27,M23K 通信網路,M23K2 衛星微波
2316,28,M23B 印刷電路板,M23B2B 硬板
2317,31,M23A 電腦及週邊,M23A1 EMS
2321,27,M23K 通信網路,M23KX 其他網通
2323,26,M23C 光電及I/O,M23C4A 光碟
2324,25,M23A 電腦及週邊,M23A1 EMS
2327,28,M23D 電子零組件,M23D5 被動元件
2328,28,M23D 電子零組件,M23D2 連接器
2329,24,M23G 半導體,M23G2 IC封測
2330,24,M23G 半導體,M23G1A 晶圓代工
2331,25,M23A 電腦及週邊,M23A3 品牌及主板
2332,27,M23K 通信網路,M23K4 網通設備
2337,24,M23G 半導體,M23G1B 記憶體製造
2338,24,M23G 半導體,M23G6 其他半導體
2340,24,M23C 光電及I/O,M23C6B 磊晶及晶粒
2342,24,M23G 半導體,M23G1A 晶圓代工
2344,24,M23G 半導體,M23G1B 記憶體製造
2345,27,M23K 通信網路,M23K4 網通設備
2347,29,M23T 電子通路,M23T1 3C通路
2348,20,M25A 建設,M25A 建設
2349,26,M23C 光電及I/O,M23C4A 光碟
2351,24,M23G 半導體,M23G4 IC導線架
2352,25,M23C 光電及I/O,M23C1 顯示器
2353,25,M23A 電腦及週邊,M23A3 品牌及主板
2354,31,M23D 電子零組件,M23D4 機殼
2355,28,M23B 印刷電路板,M23B2B 硬板
2356,25,M23A 電腦及週邊,M23A1 EMS
2357,25,M23A 電腦及週邊,M23A3 品牌及主板
2359,31,M23T 電子通路,M23T2 零組件代理
2360,31,M23H 電子設備,M23H2 電機設備
2362,25,M23A 電腦及週邊,M23A2 泛用電腦
2363,24,M23G 半導體,M23G5A 觸控IC
2364,25,M23A 電腦及週邊,M23A5B 工業電腦
2365,25,M23C 光電及I/O,M23C3 3C週邊
2367,28,M23B 印刷電路板,M23B2B 硬板
2368,28,M23B 印刷電路板,M23B2B 硬板
2369,24,M23G 半導體,M23G2 IC封測
2371,05,M15B 電機製品,M15B1 電機
2373,31,M23T 電子通路,M23T1 3C通路
2374,26,M23U 消費性電子,M23UZ 消費性電子
2375,28,M23D 電子零組件,M23D5 被動元件
2376,25,M23A 電腦及週邊,M23A3 品牌及主板
2377,25,M23A 電腦及週邊,M23A3 品牌及主板
2379,24,M23G 半導體,M23G5B 網通射頻IC
2380,25,M23C 光電及I/O,M23C2 影像掃描
2382,25,M23A 電腦及週邊,M23A1 EMS
2383,28,M23B 印刷電路板,M23B3A 銅箔基板
2385,28,M23C 光電及I/O,M23C3 3C週邊
2387,25,M23C 光電及I/O,M23C3 3C週邊
2388,24,M23G 半導體,M23G5C 單晶片系統
2390,31,M23C 光電及I/O,M23C9 安全監控
2392,28,M23D 電子零組件,M23D2 連接器
2393,26,M23C 光電及I/O,M23C6C 封裝及模組
2395,25,M23A 電腦及週邊,M23A5B 工業電腦
2397,25,M23A 電腦及週邊,M23A5B 工業電腦
2399,25,M23A 電腦及週邊,M23A3 品牌及主板
2401,24,M23G 半導體,M23G5C 單晶片系統
2402,28,M23B 印刷電路板,M23B2C 軟板
2404,31,M23H 電子設備,M23H1 廠辦機電
2405,25,M23A 電腦及週邊,M23A5B 工業電腦
2406,26,M23C 光電及I/O,M23C7B 太陽能晶圓
2408,24,M23G 半導體,M23G1B 記憶體製造
2409,26,M23C 光電及I/O,M23C8A LCD面板
2412,27,M23K 通信網路,M23K3 電信及IDC
2413,28,M23D 電子零組件,M23D3 電源供應器
2414,29,M23T 電子通路,M23T1 3C通路
2415,28,M23U 消費性電子,M23U2 聲學產品
2417,25,M23A 電腦及週邊,M23A4B 影音視訊
2419,27,M23K 通信網路,M23K4 網通設備
2420,28,M23D 電子零組件,M23D3 電源供應器
2421,28,M23D 電子零組件,M23D9B 散熱零組件
2423,31,M23H 電子設備,M23H2 電機設備
2424,27,M23K 通信網路,M23K5 導航定位
2425,25,M23A 電腦及週邊,M23A4A 繪圖運算
2426,26,M23C 光電及I/O,M23C6B 磊晶及晶粒
2427,30,M23X 資訊服務,M23X1 系統整合
2428,28,M23D 電子零組件,M23D5 被動元件
2429,26,M23C 光電及I/O,M23CZ2 其他顯示
2430,29,M23T 電子通路,M23T1 3C通路
2431,28,M23D 電子零組件,M23D3 電源供應器
2432,25,M23C 光電及I/O,M23C3 3C週邊
2433,31,M23T 電子通路,M23T1 3C通路
2434,24,M23D 電子零組件,M23D1 分離式元件
2436,24,M23G 半導體,M23G5D 電源管理IC
2438,26,M23C 光電及I/O,M23C8C LCD原料
2439,27,M23U 消費性電子,M23U2 聲學產品
2440,28,M23D 電子零組件,M23D2 連接器
2441,24,M23G 半導體,M23G2 IC封測
2442,14,M25A 建設,M25A 建設
2444,27,M23K 通信網路,M23KX 其他網通
2449,24,M23G 半導體,M23G2 IC封測
2450,27,M23T 電子通路,M23T1 3C通路
2451,24,M23G 半導體,M23G3B 記憶體模組
2453,30,M23X 資訊服務,M23X1 系統整合
2454,24,M23G 半導體,M23G5C 單晶片系統
2455,27,M23G 半導體,M23G3A 化合物SEMI
2457,28,M23D 電子零組件,M23D3 電源供應器
2458,24,M23G 半導體,M23G5A 觸控IC
2459,31,M23T 電子通路,M23T2 零組件代理
2460,28,M23D 電子零組件,M23D2 連接器
2461,31,M13A 石化,M13A8 塑膠加工
2462,28,M23D 電子零組件,M23D2 連接器
2464,31,M23H 電子設備,M23H1 廠辦機電
2465,25,M23A 電腦及週邊,M23A4A 繪圖運算
2466,26,M23C 光電及I/O,M23C6C 封裝及模組
2467,28,M23H 電子設備,M23H2 電機設備
2468,30,M23X 資訊服務,M23X1 系統整合
2471,30,M23X 資訊服務,M23X1 系統整合
2472,28,M23D 電子零組件,M23D5 被動元件
2474,31,M23D 電子零組件,M23D4 機殼
2476,28,M23D 電子零組件,M23D9A 沖壓零組件
2477,31,M23U 消費性電子,M23U2 聲學產品
2478,28,M23D 電子零組件,M23D5 被動元件
2480,30,M23X 資訊服務,M23X1 系統整合
2481,24,M23D 電子零組件,M23D1 分離式元件
2482,31,M23C 光電及I/O,M23C3 3C週邊
2483,28,M23D 電子零組件,M23D9A 沖壓零組件
2484,28,M23D 電子零組件,M23D6 石英元件
2485,27,M23K 通信網路,M23K2 衛星微波
2486,26,M23D 電子零組件,M23D9C 光電導線架
2488,31,M23U 消費性電子,M23U2 聲學產品
2489,26,M23C 光電及I/O,M23C1 顯示器
2491,26,M15C 家電製品,M15C4 照明
2492,28,M23D 電子零組件,M23D5 被動元件
2493,28,M23H 電子設備,M23H2 電機設備
2495,25,M23C 光電及I/O,M23C4B 硬碟磁碟
2496,20,M99Z 其他,M99ZX 其他服務
2497,12,M15D 汽車組件,M15D 汽車組件
2498,27,M23U 消費性電子,M23UZ 消費性電子
2501,14,M25A 建設,M25A 建設
2504,14,M11B 預拌混凝土,M11B 預拌混凝土
2505,14,M25A 建設,M25A 建設
2506,14,M25A 建設,M25A 建設
2509,14,M25A 建設,M25A 建設
2511,14,M25A 建設,M25A 建設
2514,20,M25A 建設,M25A 建設
2515,14,M25B 營造,M25B 營造
2516,14,M25B 營造,M25B 營造
2520,14,M25A 建設,M25A 建設
2524,14,M25A 建設,M25A 建設
2527,14,M25A 建設,M25A 建設
2528,14,M25A 建設,M25A 建設
2530,14,M25A 建設,M25A 建設
2534,14,M25A 建設,M25A 建設
2535,14,M25B 營造,M25B 營造
2536,14,M25A 建設,M25A 建設
2537,14,M25A 建設,M25A 建設
2538,14,M25A 建設,M25A 建設
2539,14,M25A 建設,M25A 建設
2540,14,M25A 建設,M25A 建設
2542,14,M25A 建設,M25A 建設
2543,14,M25B 營造,M25B 營造
2545,14,M25A 建設,M25A 建設
2546,14,M25B 營造,M25B 營造
2547,14,M25A 建設,M25A 建設
2548,14,M25A 建設,M25A 建設
2596,14,M25A 建設,M25A 建設
2597,14,M25B 營造,M25B 營造
2601,18,M26A 海運,M26A1 散裝輪
2603,15,M26A 海運,M26A2 貨櫃輪
2605,15,M26A 海運,M26A1 散裝輪
2606,15,M26A 海運,M26A1 散裝輪
2607,15,M26C 貨運倉儲,M26C 貨運倉儲
2608,15,M26C 貨運倉儲,M26C 貨運倉儲
2609,15,M26A 海運,M26A2 貨櫃輪
2610,15,M26D 空運,M26D 空運
2611,15,M26C 貨運倉儲,M26C 貨運倉儲
2612,15,M26A 海運,M26A1 散裝輪
2613,15,M26C 貨運倉儲,M26C 貨運倉儲
2614,20,M29A 百貨批發,M29A9 其他零售
2615,15,M26A 海運,M26A2 貨櫃輪
2616,23,M99D 公用事業,M99D1 加油站
2617,15,M26A 海運,M26A1 散裝輪
2618,15,M26D 空運,M26D 空運
2630,15,M22B 機車船製造,M22B3 航空器製造
2633,15,M26B 陸運,M26B2 鐵路運輸
2634,15,M22B 機車船製造,M22B3 航空器製造
2636,15,M26C 貨運倉儲,M26C 貨運倉儲
2637,15,M26A 海運,M26A1 散裝輪
2640,36,M26B 陸運,M26B1 汽車陸運
2641,15,M26A 海運,M26A1 散裝輪
2642,15,M26C 貨運倉儲,M26C 貨運倉儲
2643,15,M26C 貨運倉儲,M26C 貨運倉儲
2644,15,M22B 機車船製造,M22B1 船舶製造
2645,15,M22B 機車船製造,M22B3 航空器製造
2646,15,M26D 空運,M26D 空運
2701,16,M27A 餐飲飯店,M27A1 飯店
2702,16,M27A 餐飲飯店,M27A1 飯店
2704,16,M27A 餐飲飯店,M27A1 飯店
2705,16,M27A 餐飲飯店,M27A1 飯店
2706,16,M27A 餐飲飯店,M27A1 飯店
2707,16,M27A 餐飲飯店,M27A1 飯店
2712,16,M27A 餐飲飯店,M27A1 飯店
2718,14,M25A 建設,M25A 建設
2719,16,M27C 旅行社,M27C 旅行社
2722,16,M27A 餐飲飯店,M27A1 飯店
2723,16,M27A 餐飲飯店,M27A2 餐飲
2724,20,M25A 建設,M25A 建設
2726,16,M27A 餐飲飯店,M27A2 餐飲
2727,16,M27A 餐飲飯店,M27A2 餐飲
2729,16,M27A 餐飲飯店,M27A2 餐飲
2731,16,M27C 旅行社,M27C 旅行社
2732,16,M27A 餐飲飯店,M27A2 餐飲
2733,16,M12Z 其他食品,M12Z 其他食品
2734,16,M27C 旅行社,M27C 旅行社
2736,16,M27A 餐飲飯店,M27A1 飯店
2739,16,M27A 餐飲飯店,M27A1 飯店
2740,16,M27A 餐飲飯店,M27A2 餐飲
2741,16,M27A 餐飲飯店,M27A2 餐飲
2743,16,M27C 旅行社,M27C 旅行社
2745,16,M27C 旅行社,M27C 旅行社
2748,16,M27A 餐飲飯店,M27A1 飯店
2751,16,M27A 餐飲飯店,M27A2 餐飲
2752,16,M27A 餐飲飯店,M27A2 餐飲
2753,16,M27A 餐飲飯店,M27A2 餐飲
2754,16,M27A 餐飲飯店,M27A2 餐飲
2755,16,M27A 餐飲飯店,M27A2 餐飲
2756,16,M27A 餐飲飯店,M27A2 餐飲
2758,16,M27A 餐飲飯店,M27A2 餐飲
2760,16,M27A 餐飲飯店,M27A2 餐飲
2761,16,M27A 餐飲飯店,M27A2 餐飲
2762,37,M99Z 其他,M99ZX 其他服務
2801,17,M28A 本國銀行,M28A 本國銀行
2812,17,M28A 本國銀行,M28A 本國銀行
2816,17,M28J 產險,M28J 產險
2820,17,M28F 票券公司,M28F 票券公司
2832,17,M28J 產險,M28J 產險
2834,17,M28A 本國銀行,M28A 本國銀行
2836,17,M28A 本國銀行,M28A 本國銀行
2838,17,M28A 本國銀行,M28A 本國銀行
2845,17,M28A 本國銀行,M28A 本國銀行
2849,17,M28A 本國銀行,M28A 本國銀行
2850,17,M28J 產險,M28J 產險
2851,17,M28J 產險,M28J 產險
2852,17,M28J 產險,M28J 產險
2855,17,M30A 證券,M30A 證券
2867,17,M28I 壽險,M28I 壽險
2880,17,M28L 金融控股,M28L 金融控股
2881,17,M28L 金融控股,M28L 金融控股
2882,17,M28L 金融控股,M28L 金融控股
2883,17,M28L 金融控股,M28L 金融控股
2884,17,M28L 金融控股,M28L 金融控股
2885,17,M28L 金融控股,M28L 金融控股
2886,17,M28L 金融控股,M28L 金融控股
2887,17,M28L 金融控股,M28L 金融控股
2889,17,M28L 金融控股,M28L 金融控股
2890,17,M28L 金融控股,M28L 金融控股
2891,17,M28L 金融控股,M28L 金融控股
2892,17,M28L 金融控股,M28L 金融控股
2897,17,M28A 本國銀行,M28A 本國銀行
2901,18,M29A 百貨批發,M29A1 百貨及Mall
2903,18,M29A 百貨批發,M29A1 百貨及Mall
2904,20,M26C 貨運倉儲,M26C 貨運倉儲
2905,18,M29A 百貨批發,M29A9 其他零售
2906,18,M29B 貿易,M29B 貿易
2908,18,M29B 貿易,M29B 貿易
2910,18,M29A 百貨批發,M29A1 百貨及Mall
2911,18,M29A 百貨批發,M29A9 其他零售
2912,18,M29A 百貨批發,M29A4 便利商店
2913,18,M29B 貿易,M29B 貿易
2915,18,M29A 百貨批發,M29A2 量販
2916,38,M29A 百貨批發,M29A9 其他零售
2923,14,M25A 建設,M25A 建設
2924,38,M25B 營造,M25B 營造
2926,32,M29A 百貨批發,M29A1 百貨及Mall
2929,18,M29A 百貨批發,M29A1 百貨及Mall
2937,38,M23T 電子通路,M23T1 3C通路
2938,38,M29A 百貨批發,M29A9 其他零售
2939,18,M29B 貿易,M29B 貿易
2940,37,M29B 貿易,M29B 貿易
2941,38,M23E 數位雲端,M23E1 電子商務
2942,38,M29A 百貨批發,M29A1 百貨及Mall
2945,18,M29A 百貨批發,M29A3 超市
2947,38,M29A 百貨批發,M29A7 批發
2948,38,M99B 五金及家具,M99B 五金及家具
2949,36,M23E 數位雲端,M23E1 電子商務
3002,25,M23D 電子零組件,M23D3 電源供應器
3003,28,M23D 電子零組件,M23D2 連接器
3004,10,M22B 機車船製造,M22B3 航空器製造
3005,25,M23D 電子零組件,M23D4 機殼
3006,24,M23G 半導體,M23G5E 記憶體IC
3008,26,M23U 消費性電子,M23U1 光學鏡頭
3010,29,M23T 電子通路,M23T2 零組件代理
3011,28,M23D 電子零組件,M23D2 連接器
3013,25,M23D 電子零組件,M23D4 機殼
3014,24,M23G 半導體,M23G5F 傳輸介面IC
3015,28,M23D 電子零組件,M23D3 電源供應器
3016,24,M23G 半導體,M23G3C 晶圓材料
3017,25,M23D 電子零組件,M23D9B 散熱零組件
3018,31,M15B 電機製品,M15B2 機電工程
3019,26,M23U 消費性電子,M23U1 光學鏡頭
3021,28,M23D 電子零組件,M23D2 連接器
3022,25,M23A 電腦及週邊,M23A5B 工業電腦
3023,28,M23D 電子零組件,M23D2 連接器
3024,26,M15C 家電製品,M15C1 家電
3025,27,M23K 通信網路,M23K1 網通工程
3026,28,M23D 電子零組件,M23D5 被動元件
3027,27,M23D 電子零組件,M23D3 電源供應器
3028,29,M23T 電子通路,M23T2 零組件代理
3029,30,M23X 資訊服務,M23X9 應用軟體
3030,31,M23H 電子設備,M23H2 電機設備
3031,26,M23C 光電及I/O,M23C6C 封裝及模組
3032,28,M23D 電子零組件,M23D4 機殼
3033,29,M23T 電子通路,M23T2 零組件代理
3034,24,M23G 半導體,M23G5G 顯示驅動IC
3035,24,M23G 半導體,M23G5L 矽智財
3036,29,M23T 電子通路,M23T2 零組件代理
3037,28,M23B 印刷電路板,M23B2A IC載板
3038,26,M23C 光電及I/O,M23C8D 其他LCD
3040,20,M25F 物業管理,M25F 物業管理
3041,24,M23G 半導體,M23G5B 網通射頻IC
3042,28,M23D 電子零組件,M23D6 石英元件
3043,31,M23D 電子零組件,M23D3 電源供應器
3044,28,M23B 印刷電路板,M23B2B 硬板
3045,27,M23K 通信網路,M23K3 電信及IDC
3046,25,M23A 電腦及週邊,M23A5B 工業電腦
3047,27,M23K 通信網路,M23K4 網通設備
3048,29,M23T 電子通路,M23T2 零組件代理
3049,26,M23C 光電及I/O,M23C8E 觸控面板
3050,26,M23C 光電及I/O,M23C4A 光碟
3051,26,M23C 光電及I/O,M23C8C LCD原料
3052,14,M25B 營造,M25B 營造
3054,02,M17C 藥,M17C2 機能性食品
3055,29,M23H 電子設備,M23H3 設備通路
3056,14,M25A 建設,M25A 建設
3057,25,M23C 光電及I/O,M23C4B 硬碟磁碟
3058,28,M23D 電子零組件,M23D3 電源供應器
3059,26,M23U 消費性電子,M23UZ 消費性電子
3060,25,M23C 光電及I/O,M23C4B 硬碟磁碟
3062,27,M23K 通信網路,M23K4 網通設備
3064,32,M23A 電腦及週邊,M23A5B 工業電腦
3066,26,M23C 光電及I/O,M23C6C 封裝及模組
3067,31,M23U 消費性電子,M23U2 聲學產品
3071,25,M23D 電子零組件,M23D9B 散熱零組件
3073,35,M99D 公用事業,M99D4 電力及能源
3078,28,M23D 電子零組件,M23D3 電源供應器
3081,27,M23G 半導體,M23G3A 化合物SEMI
3083,32,M23X 資訊服務,M23X2 遊戲軟體
3085,36,M23E 數位雲端,M23E1 電子商務
3086,32,M23X 資訊服務,M23X2 遊戲軟體
3088,25,M23A 電腦及週邊,M23A5B 工業電腦
3090,28,M23T 電子通路,M23T2 零組件代理
3092,28,M23D 電子零組件,M23D2 連接器
3093,31,M23H 電子設備,M23H3 設備通路
3094,24,M23G 半導體,M23G5B 網通射頻IC
3095,27,M23D 電子零組件,M23D4 機殼
3097,25,M23A 電腦及週邊,M23A5A POS
3105,24,M23G 半導體,M23G3A 化合物SEMI
3114,28,M23T 電子通路,M23T2 零組件代理
3115,28,M23B 印刷電路板,M23B3X 其他PCB材
3117,28,M23D 電子零組件,M23D5 被動元件
3118,22,M17G 醫療耗材,M17G3 體外診斷
3122,24,M23G 半導體,M23G5H 微控制器IC
3128,26,M23C 光電及I/O,M23C9 安全監控
3130,36,M23E 數位雲端,M23E2 數位服務
3131,31,M23H 電子設備,M23H2 電機設備
3135,24,M23G 半導體,M23G3B 記憶體模組
3138,27,M23K 通信網路,M23K2 衛星微波
3141,24,M23G 半導體,M23G5G 顯示驅動IC
3147,30,M23X 資訊服務,M23X1 系統整合
3149,26,M23C 光電及I/O,M23C8E 觸控面板
3150,24,M23G 半導體,M23G5B 網通射頻IC
3152,27,M23D 電子零組件,M23D5 被動元件
3158,30,M23X 資訊服務,M23X9 應用軟體
3162,05,M15D 汽車組件,M15D 汽車組件
3163,27,M23K 通信網路,M23K6 光元件模組
3164,22,M17C 藥,M17C2 機能性食品
3167,05,M23H 電子設備,M23H2 電機設備
3168,26,M23C 光電及I/O,M23C8D 其他LCD
3169,24,M23G 半導體,M23G5B 網通射頻IC
3171,38,M13A 石化,M13A9 膠帶
3176,22,M17C 藥,M17C1D 大分子新藥
3178,24,M23H 電子設備,M23H2 電機設備
3184,22,M17G 醫療耗材,M17G2 手術與治療
3188,14,M25A 建設,M25A 建設
3189,24,M23B 印刷電路板,M23B2A IC載板
3191,28,M23D 電子零組件,M23D9D 其他零組件
3205,22,M12C 飲料乳品,M12C 飲料乳品
3206,28,M23U 消費性電子,M23U2 聲學產品
3207,28,M23D 電子零組件,M23D5 被動元件
3209,29,M23T 電子通路,M23T2 零組件代理
3211,25,M23D 電子零組件,M23D7 二次電池
3213,25,M23A 電腦及週邊,M23A2 泛用電腦
3217,28,M23D 電子零組件,M23D2 連接器
3218,22,M17X 醫藥通路,M17X1 醫療服務
3219,31,M23H 電子設備,M23H2 電機設備
3221,27,M23D 電子零組件,M23D6 石英元件
3224,29,M23T 電子通路,M23T2 零組件代理
3226,05,M15D 汽車組件,M15D 汽車組件
3227,24,M23G 半導體,M23G5I 感測器IC
3228,24,M23G 半導體,M23G5L 矽智財
3229,28,M23B 印刷電路板,M23B3X 其他PCB材
3230,26,M23D 電子零組件,M23D4 機殼
3231,25,M23A 電腦及週邊,M23A1 EMS
3232,29,M23T 電子通路,M23T2 零組件代理
3234,27,M23K 通信網路,M23K6 光元件模組
3236,28,M23D 電子零組件,M23D5 被動元件
3252,16,M27A 餐飲飯店,M27A1 飯店
3257,24,M23G 半導體,M23G5D 電源管理IC
3259,24,M23G 半導體,M23G5J 音訊IC
3260,24,M23G 半導體,M23G3B 記憶體模組
3264,24,M23G 半導體,M23G2 IC封測
3265,24,M23G 半導體,M23G2 IC封測
3266,14,M25A 建設,M25A 建設
3268,24,M23G 半導體,M23G5H 微控制器IC
3272,25,M23C 光電及I/O,M23C3 3C週邊
3276,28,M23B 印刷電路板,M23B2C 軟板
3284,20,M99C 印刷,M99C 印刷
3285,31,M23C 光電及I/O,M23C8D 其他LCD
3287,25,M23A 電腦及週邊,M23A4B 影音視訊
3288,28,M23G 半導體,M23G5D 電源管理IC
3289,31,M23Z 其他電子,M23Z 其他電子
3290,28,M23D 電子零組件,M23D9A 沖壓零組件
3293,32,M23X 資訊服務,M23X2 遊戲軟體
3294,28,M23D 電子零組件,M23D4 機殼
3296,28,M23D 電子零組件,M23D3 電源供應器
3297,26,M23C 光電及I/O,M23C9 安全監控
3303,31,M13A 石化,M13A8 塑膠加工
3305,31,M23B 印刷電路板,M23B3X 其他PCB材
3306,27,M23K 通信網路,M23K5 導航定位
3308,28,M23D 電子零組件,M23D3 電源供應器
3310,28,M23D 電子零組件,M23D9A 沖壓零組件
3311,27,M23D 電子零組件,M23D9A 沖壓零組件
3312,29,M23T 電子通路,M23T2 零組件代理
3313,20,M25B 營造,M25B 營造
3317,24,M23G 半導體,M23G5K MOSFET
3321,28,M23B 印刷電路板,M23B2C 軟板
3322,28,M23D 電子零組件,M23D2 連接器
3323,25,M23D 電子零組件,M23D7 二次電池
3324,31,M23D 電子零組件,M23D9B 散熱零組件
3325,25,M23D 電子零組件,M23D4 機殼
3332,28,M23D 電子零組件,M23D3 電源供應器
3338,28,M23D 電子零組件,M23D9B 散熱零組件
3339,26,M23C 光電及I/O,M23C6B 磊晶及晶粒
3346,12,M23C 光電及I/O,M23C6C 封裝及模組
3349,25,M23C 光電及I/O,M23C3 3C週邊
3354,28,M23B 印刷電路板,M23B3C FCCL
3356,26,M23C 光電及I/O,M23C9 安全監控
3357,28,M23D 電子零組件,M23D5 被動元件
3360,29,M23T 電子通路,M23T2 零組件代理
3362,26,M23U 消費性電子,M23U1 光學鏡頭
3363,27,M23K 通信網路,M23K6 光元件模組
3372,24,M23G 半導體,M23G2 IC封測
3373,31,M17G 醫療耗材,M17G1 診斷與監測
3374,24,M23G 半導體,M23G2 IC封測
3376,28,M23D 電子零組件,M23D9A 沖壓零組件
3379,05,M15H 儀器設備,M15H 儀器設備
3380,27,M23K 通信網路,M23K4 網通設備
3388,28,M23T 電子通路,M23T2 零組件代理
3390,28,M23B 印刷電路板,M23B2C 軟板
3402,31,M23H 電子設備,M23H1 廠辦機電
3406,26,M23U 消費性電子,M23U1 光學鏡頭
3413,24,M23H 電子設備,M23H2 電機設備
3416,25,M23A 電腦及週邊,M23A5B 工業電腦
3419,27,M23K 通信網路,M23K2 衛星微波
3426,05,M15Z 其他電製品,M15Z 其他電製品
3430,21,M17Z 其他化學,M17Z 其他化學
3432,28,M23D 電子零組件,M23D2 連接器
3434,26,M23C 光電及I/O,M23C1 顯示器
3437,26,M23C 光電及I/O,M23C6C 封裝及模組
3438,24,M23G 半導體,M23G5D 電源管理IC
3441,26,M23U 消費性電子,M23U1 光學鏡頭
3443,24,M23G 半導體,M23G5L 矽智財
3444,29,M23T 電子通路,M23T2 零組件代理
3447,27,M23K 通信網路,M23K4 網通設備
3450,24,M23K 通信網路,M23K6 光元件模組
3454,26,M23C 光電及I/O,M23C9 安全監控
3455,26,M23H 電子設備,M23H2 電機設備
3465,31,M23U 消費性電子,M23U2 聲學產品
3466,27,M23K 通信網路,M23K2 衛星微波
3467,24,M23G 半導體,M23G3C 晶圓材料
3473,27,M23K 通信網路,M23K2 衛星微波
3479,25,M23A 電腦及週邊,M23A5B 工業電腦
3481,26,M23C 光電及I/O,M23C8A LCD面板
3483,25,M23D 電子零組件,M23D9B 散熱零組件
3484,28,M23D 電子零組件,M23D2 連接器
3485,26,M23H 電子設備,M23H2 電機設備
3489,14,M25A 建設,M25A 建設
3490,26,M23H 電子設備,M23H2 電機設備
3491,27,M23K 通信網路,M23K2 衛星微波
3492,28,M23D 電子零組件,M23D2 連接器
3494,25,M23T 電子通路,M23T1 3C通路
3498,31,M23H 電子設備,M23H2 電機設備
3499,27,M23K 通信網路,M23K5 導航定位
3501,28,M23D 電子零組件,M23D2 連接器
3504,26,M23C 光電及I/O,M23CZ1 投影裝置
3508,31,M23D 電子零組件,M23D4 機殼
3511,28,M23D 電子零組件,M23D2 連接器
3512,14,M25A 建設,M25A 建設
3515,25,M23A 電腦及週邊,M23A3 品牌及主板
3516,26,M15C 家電製品,M15C4 照明
3518,31,M23Z 其他電子,M23Z 其他電子
3520,28,M23D 電子零組件,M23D2 連接器
3521,14,M25A 建設,M25A 建設
3522,16,M27A 餐飲飯店,M27A2 餐飲
3523,26,M23C 光電及I/O,M23C8C LCD原料
3526,28,M23D 電子零組件,M23D2 連接器
3527,24,M23G 半導體,M23G5Z 其他IC
3528,29,M23T 電子通路,M23T2 零組件代理
3529,24,M23G 半導體,M23G5L 矽智財
3530,24,M23G 半導體,M23G5I 感測器IC
3531,26,M23C 光電及I/O,M23C8B 背光模組
3532,24,M23G 半導體,M23G3C 晶圓材料
3533,28,M23D 電子零組件,M23D2 連接器
3535,26,M23H 電子設備,M23H2 電機設備
3537,28,M23T 電子通路,M23T2 零組件代理
3540,25,M23D 電子零組件,M23D3 電源供應器
3541,31,M23C 光電及I/O,M23C3 3C週邊
3543,26,M23D 電子零組件,M23D9A 沖壓零組件
3545,24,M23G 半導體,M23G5G 顯示驅動IC
3546,32,M23X 資訊服務,M23X2 遊戲軟體
3548,28,M23D 電子零組件,M23D9A 沖壓零組件
3550,28,M23D 電子零組件,M23D2 連接器
3551,35,M23H 電子設備,M23H2 電機設備
3552,31,M15D 汽車組件,M15D 汽車組件
3555,24,M23X 資訊服務,M23X1 系統整合
3556,24,M23G 半導體,M23G5A 觸控IC
3557,38,M99B 五金及家具,M99B 五金及家具
3558,27,M23K 通信網路,M23K4 網通設備
3563,26,M23H 電子設備,M23H2 電機設備
3564,27,M23A 電腦及週邊,M23A5B 工業電腦
3567,24,M23G 半導體,M23G2 IC封測
3570,30,M23X 資訊服務,M23X9 應用軟體
3576,26,M23C 光電及I/O,M23C7C 太陽能電池
3577,25,M23A 電腦及週邊,M23A5B 工業電腦
3580,31,M23H 電子設備,M23H2 電機設備
3581,24,M23H 電子設備,M23H2 電機設備
3583,24,M23H 電子設備,M23H2 電機設備
3585,28,M23B 印刷電路板,M23B3A 銅箔基板
3587,31,M23Z 其他電子,M23Z 其他電子
3588,24,M23G 半導體,M23G5D 電源管理IC
3591,26,M23C 光電及I/O,M23C6C 封裝及模組
3592,24,M23G 半導體,M23G5G 顯示驅動IC
3593,28,M23D 電子零組件,M23D4 機殼
3594,25,M23A 電腦及週邊,M23A5B 工業電腦
3595,26,M23C 光電及I/O,M23C8C LCD原料
3596,27,M23K 通信網路,M23K4 網通設備
3597,28,M23D 電子零組件,M23D2 連接器
3603,29,M15D 汽車組件,M15D 汽車組件
3605,28,M23D 電子零組件,M23D2 連接器
3607,28,M23D 電子零組件,M23D4 機殼
3609,28,M15C 家電製品,M15C4 照明
3611,25,M23A 電腦及週邊,M23A5A POS
3615,26,M23C 光電及I/O,M23C8E 觸控面板
3616,05,M15H 儀器設備,M15H 儀器設備
3617,31,M23D 電子零組件,M23D3 電源供應器
3622,26,M23C 光電及I/O,M23C8E 觸控面板
3623,26,M23C 光電及I/O,M23C8E 觸控面板
3624,28,M23D 電子零組件,M23D5 被動元件
3625,25,M23D 電子零組件,M23D7 二次電池
3628,31,M23D 電子零組件,M23D3 電源供應器
3629,32,M23X 資訊服務,M23X2 遊戲軟體
3630,26,M23U 消費性電子,M23U1 光學鏡頭
3631,28,M23B 印刷電路板,M23B3X 其他PCB材
3632,27,M23K 通信網路,M23K5 導航定位
3633,26,M23C 光電及I/O,M23C8B 背光模組
3645,28,M23B 印刷電路板,M23B2C 軟板
3646,28,M23D 電子零組件,M23D2 連接器
3652,25,M23A 電腦及週邊,M23A5A POS
3653,28,M23D 電子零組件,M23D9B 散熱零組件
3659,26,M23C 光電及I/O,M23C3 3C週邊
3661,24,M23G 半導體,M23G5L 矽智財
3663,31,M99L 資源回收,M99L1 貴金屬回收
3664,27,M23X 資訊服務,M23X1 系統整合
3665,31,M23D 電子零組件,M23D2 連接器
3666,26,M23C 光電及I/O,M23C8C LCD原料
3669,27,M23C 光電及I/O,M23CZ2 其他顯示
3672,27,M23K 通信網路,M23K6 光元件模組
3673,26,M23C 光電及I/O,M23C8E 觸控面板
3675,24,M23D 電子零組件,M23D1 分離式元件
3678,26,M23C 光電及I/O,M23C8E 觸控面板
3679,28,M23D 電子零組件,M23D9A 沖壓零組件
3680,24,M23H 電子設備,M23H2 電機設備
3684,27,M23K 通信網路,M23K2 衛星微波
3685,05,M15D 汽車組件,M15D 汽車組件
3686,24,M23C 光電及I/O,M23C7B 太陽能晶圓
3687,36,M23E 數位雲端,M23E2 數位服務
3689,28,M23D 電子零組件,M23D2 連接器
3691,26,M23C 光電及I/O,M23C7F 其他太陽能
3693,25,M23D 電子零組件,M23D4 機殼
3694,27,M23K 通信網路,M23K4 網通設備
3701,25,M23A 電腦及週邊,M23A1 EMS
3702,29,M23T 電子通路,M23T2 零組件代理
3703,14,M25B 營造,M25B 營造
3704,27,M23K 通信網路,M23K4 網通設備
3705,22,M17C 藥,M17C1B 學名藥
3706,25,M23A 電腦及週邊,M23A1 EMS
3707,24,M23G 半導體,M23G1A 晶圓代工
3708,35,M17F 樹脂,M17F 樹脂
3709,25,M23T 電子通路,M23T1 3C通路
3710,28,M23D 電子零組件,M23D2 連接器
3711,24,M23G 半導體,M23G2 IC封測
3712,25,M23C 光電及I/O,M23C2 影像掃描
3713,35,M23C 光電及I/O,M23C7E 太陽能系統
3714,26,M23C 光電及I/O,M23C6B 磊晶及晶粒
3715,28,M23B 印刷電路板,M23B2B 硬板
3716,22,M17C 藥,M17C1B 學名藥
3717,12,M23C 光電及I/O,M23C6C 封裝及模組
4102,22,M17C 藥,M17C1A 原料藥
4104,22,M17G 醫療耗材,M17G2 手術與治療
4105,22,M17C 藥,M17C1B 學名藥
4106,22,M17G 醫療耗材,M17G2 手術與治療
4107,22,M17G 醫療耗材,M17G2 手術與治療
4108,22,M17C 藥,M17C1E 植物及中藥
4109,22,M17C 藥,M17C2 機能性食品
4111,22,M17C 藥,M17C1B 學名藥
4113,14,M25A 建設,M25A 建設
4114,22,M17C 藥,M17C1B 學名藥
4115,22,M17G 醫療耗材,M17G2 手術與治療
4116,22,M17G 醫療耗材,M17G2 手術與治療
4117,22,M17G 醫療耗材,M17G3 體外診斷
4119,22,M17C 藥,M17C1A 原料藥
4120,22,M17C 藥,M17C1B 學名藥
4121,22,M17X 醫藥通路,M17X2 醫藥零售
4123,22,M17C 藥,M17C1B 學名藥
4126,22,M17G 醫療耗材,M17G2 手術與治療
4127,22,M17C 藥,M17C2 機能性食品
4128,22,M17C 藥,M17C1E 植物及中藥
4129,22,M17G 醫療耗材,M17G4 輔助與彌補
4130,22,M17C 藥,M17C1B 學名藥
4131,22,M17G 醫療耗材,M17G4 輔助與彌補
4132,22,M17C 藥,M17C1C 小分子新藥
4133,22,M17G 醫療耗材,M17G3 體外診斷
4137,22,M17Y 化妝美容,M17Y 化妝美容
4138,22,M17Y 化妝美容,M17Y 化妝美容
4139,22,M17X 醫藥通路,M17X1 醫療服務
4142,22,M17C 藥,M17C1D 大分子新藥
4147,22,M17C 藥,M17C1D 大分子新藥
4148,22,M17C 藥,M17C3 農藥肥料
4150,22,M17G 醫療耗材,M17G4 輔助與彌補
4153,22,M23C 光電及I/O,M23C1 顯示器
4154,20,M20B 金屬製品,M20B 金屬製品
4155,22,M17G 醫療耗材,M17G3 體外診斷
4157,22,M17C 藥,M17C1C 小分子新藥
4160,22,M17H 生物科技,M17H2 基因檢測
4161,22,M17G 醫療耗材,M17G3 體外診斷
4162,22,M17C 藥,M17C1C 小分子新藥
4163,22,M17G 醫療耗材,M17G2 手術與治療
4164,22,M17G 醫療耗材,M17G2 手術與治療
4166,22,M17C 藥,M17C1C 小分子新藥
4167,22,M17C 藥,M17C1A 原料藥
4168,22,M17C 藥,M17C1D 大分子新藥
4169,22,M17C 藥,M17C1C 小分子新藥
4170,22,M17H 生物科技,M17H1 細胞醫療
4171,33,M17G 醫療耗材,M17G3 體外診斷
4172,22,M17C 藥,M17C1C 小分子新藥
4173,22,M17X 醫藥通路,M17X9 其他藥通路
4174,22,M17C 藥,M17C1D 大分子新藥
4175,22,M17X 醫藥通路,M17X2 醫藥零售
4178,22,M17H 生物科技,M17H1 細胞醫療
4183,22,M17G 醫療耗材,M17G3 體外診斷
4186,22,M17H 生物科技,M17H1 細胞醫療
4188,22,M17G 醫療耗材,M17G1 診斷與監測
4190,22,M17Y 化妝美容,M17Y 化妝美容
4192,22,M17C 藥,M17C1C 小分子新藥
4194,22,M17C 藥,M17C1D 大分子新藥
4195,22,M17H 生物科技,M17H2 基因檢測
4197,22,M17G 醫療耗材,M17G3 體外診斷
4198,22,M17G 醫療耗材,M17G1 診斷與監測
4205,02,M12Z 其他食品,M12Z 其他食品
4207,02,M12Z 其他食品,M12Z 其他食品
4303,03,M13A 石化,M13A6 合成皮
4304,03,M13A 石化,M13A8 塑膠加工
4305,03,M13A 石化,M13A8 塑膠加工
4306,03,M13A 石化,M13A9 膠帶
4401,04,M14A 人纖,M14A7 尼龍絲
4402,04,M25A 建設,M25A 建設
4406,04,M14A 人纖,M14A2 加工絲
4413,04,M14C 成衣,M14C2 織布
4414,04,M14C 成衣,M14C1 成衣製造
4416,14,M25A 建設,M25A 建設
4417,04,M14Z 其他紡織,M14Z 其他紡織
4419,16,M27A 餐飲飯店,M27A2 餐飲
4420,04,M14C 成衣,M14C2 織布
4426,04,M14C 成衣,M14C2 織布
4430,20,M14Z 其他紡織,M14Z 其他紡織
4431,20,M17X 醫藥通路,M17X2 醫藥零售
4432,04,M14C 成衣,M14C1 成衣製造
4433,04,M14C 成衣,M14C2 織布
4438,04,M14C 成衣,M14C1 成衣製造
4439,04,M14C 成衣,M14C2 織布
4440,04,M14A 人纖,M14A2 加工絲
4441,04,M14C 成衣,M14C1 成衣製造
4442,04,M14C 成衣,M14C2 織布
4502,05,M15D 汽車組件,M15D 汽車組件
4503,05,M23A 電腦及週邊,M23A5A POS
4506,05,M15Z 其他電製品,M15Z 其他電製品
4510,05,M15A 機械,M15A1 工具機
4513,05,M15A 機械,M15A1 工具機
4523,05,M15D 汽車組件,M15D 汽車組件
4526,05,M15A 機械,M15A1 工具機
4527,05,M15C 家電製品,M15C2 空調冷凍
4528,05,M15D 汽車組件,M15D 汽車組件
4529,20,M22A 汽車製造,M22A 汽車製造
4530,16,M27A 餐飲飯店,M27A2 餐飲
4532,05,M15C 家電製品,M15C2 空調冷凍
4533,05,M15A 機械,M15A1 工具機
4534,05,M15A 機械,M15A2 模具零件
4535,05,M15D 汽車組件,M15D 汽車組件
4536,37,M99Z 其他,M99ZC 其他製造
4537,26,M23H 電子設備,M23H2 電機設備
4538,05,M15A 機械,M15A2 模具零件
4540,05,M15A 機械,M15A2 模具零件
4541,20,M22B 機車船製造,M22B3 航空器製造
4542,28,M23H 電子設備,M23H2 電機設備
4543,05,M15D 汽車組件,M15D 汽車組件
4544,05,M15A 機械,M15A1 工具機
4545,28,M23D 電子零組件,M23D9A 沖壓零組件
4546,05,M22B 機車船製造,M22B3 航空器製造
4549,05,M15H 儀器設備,M15H 儀器設備
4550,05,M15B 電機製品,M15B2 機電工程
4551,12,M15D 汽車組件,M15D 汽車組件
4552,05,M15Z 其他電製品,M15Z 其他電製品
4553,05,M15D 汽車組件,M15D 汽車組件
4554,31,M15D 汽車組件,M15D 汽車組件
4555,05,M15A 機械,M15A2 模具零件
4556,20,M15Z 其他電製品,M15Z 其他電製品
4557,12,M15D 汽車組件,M15D 汽車組件
4558,05,M20A 基本金屬,M20A5 鋁鋅
4559,37,M15E 自行車組件,M15E 自行車組件
4560,05,M15A 機械,M15A3 紡織工具機
4561,05,M15A 機械,M15A2 模具零件
4562,05,M15A 機械,M15A1 工具機
4563,05,M15A 機械,M15A1 工具機
4564,05,M20B 金屬製品,M20B 金屬製品
4565,05,M15Z 其他電製品,M15Z 其他電製品
4566,05,M15D 汽車組件,M15D 汽車組件
4568,05,M15Z 其他電製品,M15Z 其他電製品
4569,12,M23D 電子零組件,M23D9A 沖壓零組件
4570,05,M15D 汽車組件,M15D 汽車組件
4571,05,M15D 汽車組件,M15D 汽車組件
4572,05,M22B 機車船製造,M22B3 航空器製造
4573,05,M15A 機械,M15A2 模具零件
4575,05,M15A 機械,M15A1 工具機
4576,05,M15A 機械,M15A2 模具零件
4577,31,M15A 機械,M15A1 工具機
4580,05,M15Z 其他電製品,M15Z 其他電製品
4581,12,M15D 汽車組件,M15D 汽車組件
4582,35,M23C 光電及I/O,M23C7E 太陽能系統
4583,05,M15A 機械,M15A2 模具零件
4584,05,M15Z 其他電製品,M15Z 其他電製品
4585,31,M15A 機械,M15A1 工具機
4587,05,M15A 機械,M15A1 工具機
4588,31,M15B 電機製品,M15B1 電機
4589,05,M15B 電機製品,M15B1 電機
4590,05,M15B 電機製品,M15B1 電機
4609,38,M15C 家電製品,M15C1 家電
4702,38,M17B 染料及顏料,M17B 染料及顏料
4706,21,M17B 染料及顏料,M17B 染料及顏料
4707,21,M17E 清潔劑,M17E1 清潔劑原料
4711,21,M17F 樹脂,M17F 樹脂
4714,21,M17F 樹脂,M17F 樹脂
4716,21,M17F 樹脂,M17F 樹脂
4720,21,M17F 樹脂,M17F 樹脂
4721,21,M17Z 其他化學,M17Z 其他化學
4722,21,M17F 樹脂,M17F 樹脂
4724,22,M17H 生物科技,M17H1 細胞醫療
4726,22,M17C 藥,M17C1D 大分子新藥
4728,22,M17G 醫療耗材,M17G4 輔助與彌補
4729,26,M23C 光電及I/O,M23C8E 觸控面板
4732,22,M17C 藥,M17C2 機能性食品
4735,22,M17G 醫療耗材,M17G1 診斷與監測
4736,22,M17G 醫療耗材,M17G3 體外診斷
4737,22,M17G 醫療耗材,M17G3 體外診斷
4738,21,M17B 染料及顏料,M17B 染料及顏料
4739,21,M17Z 其他化學,M17Z 其他化學
4741,21,M17B 染料及顏料,M17B 染料及顏料
4743,22,M17C 藥,M17C1E 植物及中藥
4744,22,M15H 儀器設備,M15H 儀器設備
4745,22,M17G 醫療耗材,M17G3 體外診斷
4746,22,M17C 藥,M17C1A 原料藥
4747,22,M17C 藥,M17C1B 學名藥
4749,24,M17Z 其他化學,M17Z 其他化學
4754,21,M17Z 其他化學,M17Z 其他化學
4755,21,M17Z 其他化學,M17Z 其他化學
4760,31,M23D 電子零組件,M23D5 被動元件
4763,21,M17Z 其他化學,M17Z 其他化學
4764,21,M17Z 其他化學,M17Z 其他化學
4765,21,M17Z 其他化學,M17Z 其他化學
4766,21,M17F 樹脂,M17F 樹脂
4767,21,M17F 樹脂,M17F 樹脂
4768,21,M17Z 其他化學,M17Z 其他化學
4770,21,M17F 樹脂,M17F 樹脂
4771,22,M17G 醫療耗材,M17G4 輔助與彌補
4772,21,M17Z 其他化學,M17Z 其他化學
4773,21,M13A 石化,M13A1 泛用塑膠
4804,16,M27A 餐飲飯店,M27A2 餐飲
4806,32,M99H 電視廣播,M99H 電視廣播
4807,18,M99Z 其他,M99ZC 其他製造
4903,27,M23K 通信網路,M23K1 網通工程
4904,27,M23K 通信網路,M23K3 電信及IDC
4905,27,M17G 醫療耗材,M17G9 其他醫材
4906,27,M23K 通信網路,M23K4 網通設備
4907,14,M25A 建設,M25A 建設
4908,27,M23K 通信網路,M23K6 光元件模組
4909,27,M23B 印刷電路板,M23B2B 硬板
4911,22,M17C 藥,M17C1E 植物及中藥
4912,28,M23D 電子零組件,M23D9A 沖壓零組件
4915,28,M23C 光電及I/O,M23C3 3C週邊
4916,25,M23A 電腦及週邊,M23A5B 工業電腦
4919,24,M23G 半導體,M23G5H 微控制器IC
4923,24,M23G 半導體,M23G5K MOSFET
4924,25,M23C 光電及I/O,M23C3 3C週邊
4925,24,M23G 半導體,M23G5F 傳輸介面IC
4927,28,M23B 印刷電路板,M23B2B 硬板
4930,06,M15C 家電製品,M15C1 家電
4931,25,M23D 電子零組件,M23D7 二次電池
4933,26,M23C 光電及I/O,M23C8C LCD原料
4934,26,M23C 光電及I/O,M23C7C 太陽能電池
4935,26,M23C 光電及I/O,M23C8C LCD原料
4938,25,M23A 電腦及週邊,M23A1 EMS
4939,28,M23B 印刷電路板,M23B3C FCCL
4942,26,M23D 電子零組件,M23D9A 沖壓零組件
4943,28,M23D 電子零組件,M23D2 連接器
4946,32,M23X 資訊服務,M23X2 遊戲軟體
4949,26,M23C 光電及I/O,M23C7D 太陽能模組
4950,10,M99B 五金及家具,M99B 五金及家具
4951,24,M23G 半導體,M23G5F 傳輸介面IC
4952,24,M23G 半導體,M23G5H 微控制器IC
4953,30,M23X 資訊服務,M23X1 系統整合
4956,26,M23C 光電及I/O,M23C6B 磊晶及晶粒
4958,28,M23B 印刷電路板,M23B2C 軟板
4960,26,M23C 光電及I/O,M23C8C LCD原料
4961,24,M23G 半導體,M23G5G 顯示驅動IC
4966,24,M23G 半導體,M23G5F 傳輸介面IC
4967,24,M23G 半導體,M23G3B 記憶體模組
4968,24,M23G 半導體,M23G5B 網通射頻IC
4971,24,M23G 半導體,M23G3A 化合物SEMI
4972,26,M15C 家電製品,M15C4 照明
4973,24,M23G 半導體,M23G3B 記憶體模組
4974,28,M23C 光電及I/O,M23C2 影像掃描
4976,26,M23U 消費性電子,M23U1 光學鏡頭
4977,27,M23K 通信網路,M23K6 光元件模組
4979,27,M23K 通信網路,M23K6 光元件模組
4980,28,M23K 通信網路,M23KX 其他網通
4987,25,M23A 電腦及週邊,M23A5A POS
4989,28,M23B 印刷電路板,M23B3X 其他PCB材
4991,24,M23G 半導體,M23G3A 化合物SEMI
4994,30,M23X 資訊服務,M23X2 遊戲軟體
4995,26,M23C 光電及I/O,M23C1 顯示器
4999,28,M23D 電子零組件,M23D9A 沖壓零組件
5007,10,M20A 基本金屬,M20A1 線材
5009,10,M20A 基本金屬,M20A6 不鏽鋼
5011,10,M20A 基本金屬,M20A1 線材
5013,10,M20A 基本金屬,M20A1 線材
5014,10,M20A 基本金屬,M20A6 不鏽鋼
5015,10,M20A 基本金屬,M20A1 線材
5016,10,M20A 基本金屬,M20A1 線材
5201,30,M23X 資訊服務,M23X1 系統整合
5202,30,M23X 資訊服務,M23X9 應用軟體
5203,30,M23X 資訊服務,M23X9 應用軟體
5205,35,M99L 資源回收,M99L2 廢棄物處理
5206,14,M25A 建設,M25A 建設
5209,20,M25C 工程承攬,M25C 工程承攬
5210,30,M23X 資訊服務,M23X1 系統整合
5211,30,M23X 資訊服務,M23X9 應用軟體
5212,30,M23X 資訊服務,M23X1 系統整合
5213,14,M25A 建設,M25A 建設
5215,25,M23D 電子零組件,M23D9D 其他零組件
5220,26,M23C 光電及I/O,M23C8E 觸控面板
5222,24,M23K 通信網路,M23K2 衛星微波
5223,25,M23D 電子零組件,M23D9A 沖壓零組件
5225,31,M23U 消費性電子,M23U2 聲學產品
5227,28,M23D 電子零組件,M23D7 二次電池
5228,28,M23D 電子零組件,M23D5 被動元件
5230,26,M23C 光電及I/O,M23C6C 封裝及模組
5234,26,M23C 光電及I/O,M23C8C LCD原料
5236,24,M23G 半導體,M23G5Z 其他IC
5240,26,M23C 光電及I/O,M23C9 安全監控
5243,26,M23D 電子零組件,M23D9A 沖壓零組件
5244,26,M23C 光電及I/O,M23C6C 封裝及模組
5245,26,M23C 光電及I/O,M23C8A LCD面板
5246,24,M23B 印刷電路板,M23B2D 其他PCB
5248,26,M23C 光電及I/O,M23C2 影像掃描
5251,26,M23C 光電及I/O,M23C9 安全監控
5254,28,M23D 電子零組件,M23D2 連接器
5258,25,M23A 電腦及週邊,M23A5A POS
5262,24,M23C 光電及I/O,M23C3 3C週邊
5263,32,M23Z 其他電子,M23Z 其他電子
5267,26,M23H 電子設備,M23H2 電機設備
5269,24,M23G 半導體,M23G5F 傳輸介面IC
5271,28,M23D 電子零組件,M23D2 連接器
5272,24,M23G 半導體,M23G5B 網通射頻IC
5274,24,M23G 半導體,M23G5Z 其他IC
5276,20,M15D 汽車組件,M15D 汽車組件
5278,36,M23E 數位雲端,M23E2 數位服務
5283,06,M15C 家電製品,M15C1 家電
5284,20,M23D 電子零組件,M23D9A 沖壓零組件
5285,24,M23G 半導體,M23G4 IC導線架
5287,36,M23E 數位雲端,M23E1 電子商務
5288,05,M15D 汽車組件,M15D 汽車組件
5289,25,M23G 半導體,M23G3B 記憶體模組
5291,28,M23B 印刷電路板,M23B2B 硬板
5292,35,M23H 電子設備,M23H1 廠辦機電
5297,24,M23H 電子設備,M23H2 電機設備
5299,24,M23G 半導體,M23G5K MOSFET
5301,16,M29B 貿易,M29B 貿易
5302,24,M23G 半導體,M23G5H 微控制器IC
5306,37,M15E 自行車組件,M15E 自行車組件
5309,28,M15D 汽車組件,M15D 汽車組件
5310,30,M23X 資訊服務,M23X1 系統整合
5312,22,M17X 醫藥通路,M17X2 醫藥零售
5314,20,M99Z 其他,M99ZX 其他服務
5315,26,M23C 光電及I/O,M23C8D 其他LCD
5321,36,M23E 數位雲端,M23E1 電子商務
5324,14,M25A 建設,M25A 建設
5328,28,M23D 電子零組件,M23D5 被動元件
5340,28,M23B 印刷電路板,M23B3B 玻纖紗布
5344,24,M23G 半導體,M23G2 IC封測
5345,20,M23Z 其他電子,M23Z 其他電子
5347,24,M23G 半導體,M23G1A 晶圓代工
5348,37,M29A 百貨批發,M29A9 其他零售
5351,24,M23G 半導體,M23G5E 記憶體IC
5353,27,M23K 通信網路,M23K4 網通設備
5355,28,M23B 印刷電路板,M23B2B 硬板
5356,25,M13B 塑膠製品,M13B 塑膠製品
5364,16,M27A 餐飲飯店,M27A1 飯店
5371,26,M23C 光電及I/O,M23C8B 背光模組
5381,28,M15B 電機製品,M15B1 電機
5386,25,M23T 電子通路,M23T2 零組件代理
5388,27,M23K 通信網路,M23K4 網通設備
5392,26,M23D 電子零組件,M23D4 機殼
5398,20,M17C 藥,M17C1B 學名藥
5403,30,M23X 資訊服務,M23X1 系統整合
5410,30,M23T 電子通路,M23T1 3C通路
5425,24,M23D 電子零組件,M23D1 分離式元件
5426,25,M23D 電子零組件,M23D4 機殼
5432,35,M23D 電子零組件,M23D3 電源供應器
5434,29,M23T 電子通路,M23T2 零組件代理
5438,25,M23C 光電及I/O,M23C2 影像掃描
5439,28,M23B 印刷電路板,M23B2B 硬板
5443,24,M23H 電子設備,M23H2 電機設備
5450,20,M17Z 其他化學,M17Z 其他化學
5452,31,M23T 電子通路,M23TZ 其他3C代理
5455,14,M25A 建設,M25A 建設
5457,28,M23D 電子零組件,M23D2 連接器
5460,28,M23D 電子零組件,M23D9A 沖壓零組件
5464,28,M23B 印刷電路板,M23B2B 硬板
5465,25,M23D 電子零組件,M23D4 機殼
5468,24,M23G 半導體,M23G5B 網通射頻IC
5469,28,M23B 印刷電路板,M23B2B 硬板
5471,24,M23G 半導體,M23G5H 微控制器IC
5474,25,M23A 電腦及週邊,M23A4B 影音視訊
5475,28,M23B 印刷電路板,M23B3B 玻纖紗布
5478,32,M23X 資訊服務,M23X2 遊戲軟體
5481,20,M99Z 其他,M99ZX 其他服務
5483,24,M23G 半導體,M23G3C 晶圓材料
5484,26,M23C 光電及I/O,M23C9 安全監控
5487,24,M23G 半導體,M23G5H 微控制器IC
5488,28,M23D 電子零組件,M23D2 連接器
5489,31,M23C 光電及I/O,M23C9 安全監控
5490,25,M23A 電腦及週邊,M23A5A POS
5493,31,M23H 電子設備,M23H2 電機設備
5498,28,M23B 印刷電路板,M23B3X 其他PCB材
5508,14,M25A 建設,M25A 建設
5511,14,M25B 營造,M25B 營造
5512,14,M25A 建設,M25A 建設
5514,14,M25A 建設,M25A 建設
5515,14,M25B 營造,M25B 營造
5516,14,M25B 營造,M25B 營造
5519,14,M25A 建設,M25A 建設
5520,14,M11B 預拌混凝土,M11B 預拌混凝土
5521,14,M25B 營造,M25B 營造
5522,14,M25A 建設,M25A 建設
5523,14,M25A 建設,M25A 建設
5525,14,M25A 建設,M25A 建設
5529,14,M25A 建設,M25A 建設
5530,20,M25E 靈骨塔,M25E 靈骨塔
5531,14,M25A 建設,M25A 建設
5533,14,M25A 建設,M25A 建設
5534,14,M25A 建設,M25A 建設
5536,31,M23H 電子設備,M23H1 廠辦機電
5538,10,M20A 基本金屬,M20A1 線材
5543,14,M23D 電子零組件,M23D7 二次電池
5546,14,M11B 預拌混凝土,M11B 預拌混凝土
5547,14,M25B 營造,M25B 營造
5548,14,M25B 營造,M25B 營造
5601,15,M26C 貨運倉儲,M26C 貨運倉儲
5603,15,M26C 貨運倉儲,M26C 貨運倉儲
5604,20,M25F 物業管理,M25F 物業管理
5607,15,M26C 貨運倉儲,M26C 貨運倉儲
5608,15,M26A 海運,M26A1 散裝輪
5609,15,M26C 貨運倉儲,M26C 貨運倉儲
5701,16,M27A 餐飲飯店,M27A1 飯店
5703,16,M27A 餐飲飯店,M27A1 飯店
5704,16,M27A 餐飲飯店,M27A1 飯店
5706,16,M27C 旅行社,M27C 旅行社
5859,17,M28I 壽險,M28I 壽險
5863,17,M28A 本國銀行,M28A 本國銀行
5864,17,M30A 證券,M30A 證券
5871,20,M28K 租賃,M28K 租賃
5876,17,M28A 本國銀行,M28A 本國銀行
5878,17,M28N 保險經紀,M28N 保險經紀
5880,17,M28L 金融控股,M28L 金融控股
5902,38,M29B 貿易,M29B 貿易
5903,38,M29A 百貨批發,M29A4 便利商店
5904,38,M29A 百貨批發,M29A9 其他零售
5905,16,M27B 觀光遊樂區,M27B 觀光遊樂區
5906,18,M29A 百貨批發,M29A9 其他零售
5907,18,M29A 百貨批發,M29A1 百貨及Mall
6005,17,M30A 證券,M30A 證券
6015,17,M30A 證券,M30A 證券
6016,17,M30A 證券,M30A 證券
6020,17,M30A 證券,M30A 證券
6021,17,M30A 證券,M30A 證券
6023,17,M30C 期貨,M30C 期貨
6024,17,M30C 期貨,M30C 期貨
6026,17,M30A 證券,M30A 證券
6027,17,M30A 證券,M30A 證券
6028,17,M28N 保險經紀,M28N 保險經紀
6035,17,M28S 電子票證,M28S 電子票證
6101,32,M99H 電視廣播,M99H 電視廣播
6103,24,M23T 電子通路,M23TZ 其他3C代理
6104,24,M23G 半導體,M23G5F 傳輸介面IC
6108,28,M23B 印刷電路板,M23B2B 硬板
6109,27,M23D 電子零組件,M23D3 電源供應器
6111,32,M23X 資訊服務,M23X2 遊戲軟體
6112,30,M23X 資訊服務,M23X1 系統整合
6113,29,M23T 電子通路,M23T2 零組件代理
6114,28,M23B 印刷電路板,M23B2B 硬板
6115,28,M23D 電子零組件,M23D2 連接器
6116,26,M23C 光電及I/O,M23C8A LCD面板
6117,25,M23D 電子零組件,M23D4 機殼
6118,29,M23T 電子通路,M23T1 3C通路
6120,26,M23C 光電及I/O,M23C8B 背光模組
6121,25,M23D 電子零組件,M23D7 二次電池
6122,05,M25C 工程承攬,M25C 工程承攬
6123,30,M23T 電子通路,M23T1 3C通路
6124,28,M23D 電子零組件,M23D9B 散熱零組件
6125,26,M23H 電子設備,M23H1 廠辦機電
6126,28,M23D 電子零組件,M23D2 連接器
6127,28,M23D 電子零組件,M23D5 被動元件
6128,25,M23C 光電及I/O,M23C3 3C週邊
6129,24,M23G 半導體,M23G5G 顯示驅動IC
6130,22,M23G 半導體,M23G5D 電源管理IC
6133,28,M23D 電子零組件,M23D2 連接器
6134,28,M23D 電子零組件,M23D2 連接器
6136,27,M23T 電子通路,M23TZ 其他3C代理
6138,24,M23G 半導體,M23G5D 電源管理IC
6139,31,M23H 電子設備,M23H1 廠辦機電
6140,30,M23X 資訊服務,M23X1 系統整合
6141,28,M23B 印刷電路板,M23B2B 硬板
6142,27,M23K 通信網路,M23K4 網通設備
6143,27,M23C 光電及I/O,M23C3 3C週邊
6144,32,M23E 數位雲端,M23E1 電子商務
6146,31,M23Z 其他電子,M23Z 其他電子
6147,24,M23G 半導體,M23G2 IC封測
6148,30,M23X 資訊服務,M23X1 系統整合
6150,25,M23A 電腦及週邊,M23A4A 繪圖運算
6151,31,M13A 石化,M13A8 塑膠加工
6152,27,M23K 通信網路,M23K2 衛星微波
6153,28,M23B 印刷電路板,M23B2C 軟板
6154,29,M23T 電子通路,M23T1 3C通路
6155,28,M23D 電子零組件,M23D5 被動元件
6156,28,M23B 印刷電路板,M23B2B 硬板
6158,28,M23D 電子零組件,M23D2 連接器
6160,25,M23A 電腦及週邊,M23A5B 工業電腦
6161,25,M23A 電腦及週邊,M23A4A 繪圖運算
6163,27,M23K 通信網路,M23K1 網通工程
6164,26,M23C 光電及I/O,M23C6C 封裝及模組
6165,36,M23E 數位雲端,M23E2 數位服務
6166,25,M23A 電腦及週邊,M23A5B 工業電腦
6167,26,M23C 光電及I/O,M23C8D 其他LCD
6168,26,M23C 光電及I/O,M23C6C 封裝及模組
6169,32,M23X 資訊服務,M23X2 遊戲軟體
6170,27,M23T 電子通路,M23TZ 其他3C代理
6171,14,M25A 建設,M25A 建設
6173,28,M23D 電子零組件,M23D5 被動元件
6174,28,M23D 電子零組件,M23D6 石英元件
6175,28,M23D 電子零組件,M23D5 被動元件
6176,26,M23C 光電及I/O,M23C8B 背光模組
6177,14,M25A 建設,M25A 建設
6179,20,M25C 工程承攬,M25C 工程承攬
6180,32,M23X 資訊服務,M23X2 遊戲軟體
6182,24,M23G 半導體,M23G3C 晶圓材料
6183,30,M23X 資訊服務,M23X9 應用軟體
6184,20,M99G 有線電視,M99G 有線電視
6185,28,M23D 電子零組件,M23D2 連接器
6186,14,M25A 建設,M25A 建設
6187,24,M23H 電子設備,M23H2 電機設備
6188,25,M23C 光電及I/O,M23C3 3C週邊
6189,29,M23T 電子通路,M23T2 零組件代理
6190,27,M23D 電子零組件,M23D2 連接器
6191,28,M23B 印刷電路板,M23B1 PCB組裝
6192,31,M23T 電子通路,M23T2 零組件代理
6194,28,M23B 印刷電路板,M23B2B 硬板
6195,38,M29A 百貨批發,M29A9 其他零售
6196,31,M23H 電子設備,M23H1 廠辦機電
6197,28,M23D 電子零組件,M23D2 連接器
6198,14,M25A 建設,M25A 建設
6199,20,M25E 靈骨塔,M25E 靈骨塔
6201,31,M23U 消費性電子,M23U2 聲學產品
6202,24,M23G 半導體,M23G5H 微控制器IC
6203,28,M23D 電子零組件,M23D3 電源供應器
6204,28,M23D 電子零組件,M23D5 被動元件
6205,28,M23D 電子零組件,M23D2 連接器
6206,25,M23A 電腦及週邊,M23A5A POS
6207,28,M23H 電子設備,M23H2 電機設備
6208,24,M23H 電子設備,M23H2 電機設備
6209,26,M23U 消費性電子,M23U1 光學鏡頭
6210,28,M23B 印刷電路板,M23B2B 硬板
6212,14,M25A 建設,M25A 建設
6213,28,M23B 印刷電路板,M23B3A 銅箔基板
6214,30,M23X 資訊服務,M23X1 系統整合
6215,31,M23H 電子設備,M23H2 電機設備
6216,27,M23K 通信網路,M23K4 網通設備
6217,28,M23B 印刷電路板,M23B2D 其他PCB
6218,27,M23X 資訊服務,M23X1 系統整合
6219,14,M25A 建設,M25A 建設
6220,28,M23D 電子零組件,M23D2 連接器
6221,30,M23X 資訊服務,M23X1 系統整合
6222,26,M25A 建設,M25A 建設
6223,24,M23B 印刷電路板,M23B2D 其他PCB
6224,28,M23D 電子零組件,M23D5 被動元件
6225,26,M23K 通信網路,M23K5 導航定位
6226,26,M23C 光電及I/O,M23C6C 封裝及模組
6227,29,M23T 電子通路,M23T2 零組件代理
6228,25,M23C 光電及I/O,M23C2 影像掃描
6229,24,M23G 半導體,M23G5H 微控制器IC
6230,25,M23D 電子零組件,M23D9B 散熱零組件
6231,30,M23X 資訊服務,M23X9 應用軟體
6233,24,M23G 半導體,M23G5F 傳輸介面IC
6234,26,M23H 電子設備,M23H2 電機設備
6235,25,M23D 電子零組件,M23D4 機殼
6236,20,M23X 資訊服務,M23X1 系統整合
6237,24,M23G 半導體,M23G5J 音訊IC
6239,24,M23G 半導體,M23G2 IC封測
6240,30,M99F 平媒電子報,M99F 平媒電子報
6241,27,M23K 通信網路,M23K4 網通設備
6242,22,M17C 藥,M17C2 機能性食品
6243,24,M23G 半導體,M23G5H 微控制器IC
6244,26,M23C 光電及I/O,M23C7C 太陽能電池
6245,27,M23A 電腦及週邊,M23A5B 工業電腦
6246,26,M23C 光電及I/O,M23C8B 背光模組
6248,10,M20A 基本金屬,M20A2 鋼筋
6257,24,M23G 半導體,M23G2 IC封測
6259,28,M23T 電子通路,M23T2 零組件代理
6261,24,M23G 半導體,M23G2 IC封測
6263,27,M23K 通信網路,M23K4 網通設備
6264,14,M25A 建設,M25A 建設
6265,29,M23T 電子通路,M23T2 零組件代理
6266,28,M23B 印刷電路板,M23B1 PCB組裝
6269,28,M23B 印刷電路板,M23B2C 軟板
6270,29,M23T 電子通路,M23T2 零組件代理
6271,24,M23G 半導體,M23G6 其他半導體
6272,28,M23D 電子零組件,M23D2 連接器
6274,28,M23B 印刷電路板,M23B3A 銅箔基板
6275,28,M23D 電子零組件,M23D9B 散熱零組件
6276,25,M23D 電子零組件,M23D3 電源供應器
6277,25,M23C 光電及I/O,M23C3 3C週邊
6278,26,M23B 印刷電路板,M23B1 PCB組裝
6279,28,M15D 汽車組件,M15D 汽車組件
6281,29,M23T 電子通路,M23T1 3C通路
6282,28,M23D 電子零組件,M23D3 電源供應器
6283,31,M23C 光電及I/O,M23C3 3C週邊
6284,28,M23D 電子零組件,M23D5 被動元件
6285,27,M23K 通信網路,M23K4 網通設備
6290,28,M23D 電子零組件,M23D2 連接器
6291,24,M23G 半導體,M23G5Z 其他IC
6292,28,M23D 電子零組件,M23D5 被動元件
6294,32,M99Z 其他,M99ZX 其他服務
6405,26,M23C 光電及I/O,M23C8C LCD原料
6407,28,M23B 印刷電路板,M23B2B 硬板
6409,31,M23D 電子零組件,M23D3 電源供應器
6411,24,M23G 半導體,M23G5Z 其他IC
6412,28,M23D 電子零組件,M23D3 電源供應器
6414,25,M23A 電腦及週邊,M23A5B 工業電腦
6415,24,M23G 半導體,M23G5D 電源管理IC
6416,27,M23A 電腦及週邊,M23A5B 工業電腦
6417,27,M23K 通信網路,M23KX 其他網通
6418,28,M23D 電子零組件,M23D2 連接器
6419,26,M23C 光電及I/O,M23C9 安全監控
6423,24,M23G 半導體,M23G5L 矽智財
6425,05,M23H 電子設備,M23H2 電機設備
6426,27,M23K 通信網路,M23K6 光元件模組
6428,32,M23X 資訊服務,M23X2 遊戲軟體
6431,22,M17Y 化妝美容,M17Y 化妝美容
6432,28,M23D 電子零組件,M23D5 被動元件
6434,26,M23C 光電及I/O,M23C8C LCD原料
6435,24,M23G 半導體,M23G5K MOSFET
6438,31,M23H 電子設備,M23H2 電機設備
6441,25,M23D 電子零組件,M23D7 二次電池
6442,27,M23K 通信網路,M23K6 光元件模組
6443,26,M23C 光電及I/O,M23C7C 太陽能電池
6446,22,M17C 藥,M17C1D 大分子新藥
6449,28,M23D 電子零組件,M23D5 被動元件
6451,24,M23G 半導體,M23G2 IC封測
6456,26,M23C 光電及I/O,M23C8E 觸控面板
6461,22,M17C 藥,M17C1B 學名藥
6462,24,M23G 半導體,M23G5Z 其他IC
6464,20,M99G 有線電視,M99G 有線電視
6465,27,M23K 通信網路,M23K5 導航定位
6467,22,M17C 藥,M17C1C 小分子新藥
6469,22,M17X 醫藥通路,M17X2 醫藥零售
6470,27,M23K 通信網路,M23K4 網通設備
6472,22,M17C 藥,M17C1B 學名藥
6473,36,M23E 數位雲端,M23E1 電子商務
6474,29,M23G 半導體,M23G5H 微控制器IC
6477,26,M23C 光電及I/O,M23C7D 太陽能模組
6482,32,M23X 資訊服務,M23X2 遊戲軟體
6483,22,M17C 藥,M17C1C 小分子新藥
6485,24,M23G 半導體,M23G5E 記憶體IC
6486,27,M23K 通信網路,M23K1 網通工程
6488,24,M23G 半導體,M23G3C 晶圓材料
6491,22,M17G 醫療耗材,M17G4 輔助與彌補
6492,22,M17C 藥,M17C1C 小分子新藥
6493,22,M17G 醫療耗材,M17G2 手術與治療
6494,24,M23G 半導體,M23G5H 微控制器IC
6496,22,M17C 藥,M17C1B 學名藥
6498,26,M23U 消費性電子,M23U1 光學鏡頭
6499,22,M17G 醫療耗材,M17G2 手術與治療
6504,20,M14F 不織布,M14F 不織布
6505,23,M13C 輕油裂解,M13C 輕油裂解
6506,04,M17F 樹脂,M17F 樹脂
6508,33,M17C 藥,M17C3 農藥肥料
6509,21,M17Z 其他化學,M17Z 其他化學
6510,24,M23B 印刷電路板,M23B2D 其他PCB
6512,31,M23C 光電及I/O,M23C3 3C週邊
6515,24,M23B 印刷電路板,M23B2D 其他PCB
6516,30,M23K 通信網路,M23K5 導航定位
6517,26,M23U 消費性電子,M23U1 光學鏡頭
6518,22,M17X 醫藥通路,M17X9 其他藥通路
6523,22,M17Y 化妝美容,M17Y 化妝美容
6525,24,M23G 半導體,M23G2 IC封測
6526,24,M23G 半導體,M23G5B 網通射頻IC
6527,22,M17G 醫療耗材,M17G1 診斷與監測
6530,27,M23K 通信網路,M23K6 光元件模組
6531,24,M23G 半導體,M23G5E 記憶體IC
6532,24,M23H 電子設備,M23H2 電機設備
6533,24,M23G 半導體,M23G5L 矽智財
6534,22,M17C 藥,M17C3 農藥肥料
6535,22,M17C 藥,M17C1C 小分子新藥
6536,30,M23X 資訊服務,M23X2 遊戲軟體
6538,28,M23C 光電及I/O,M23C7F 其他太陽能
6539,22,M17Y 化妝美容,M17Y 化妝美容
6541,22,M17C 藥,M17C1D 大分子新藥
6542,32,M23X 資訊服務,M23X2 遊戲軟體
6543,22,M17G 醫療耗材,M17G2 手術與治療
6546,27,M23K 通信網路,M23K4 網通設備
6547,22,M17C 藥,M17C1D 大分子新藥
6548,24,M23G 半導體,M23G4 IC導線架
6549,22,M17C 藥,M17C1C 小分子新藥
6550,22,M17C 藥,M17C1D 大分子新藥
6552,24,M23B 印刷電路板,M23B2C 軟板
6555,28,M23D 電子零組件,M23D7 二次電池
6556,26,M23C 光電及I/O,M23C9 安全監控
6558,31,M23D 電子零組件,M23D7 二次電池
6559,26,M23C 光電及I/O,M23C6C 封裝及模組
6560,26,M23C 光電及I/O,M23C9 安全監控
6561,27,M23K 通信網路,M23K3 電信及IDC
6563,24,M23G 半導體,M23G5Z 其他IC
6564,22,M17C 藥,M17C1D 大分子新藥
6565,36,M23X 資訊服務,M23X9 應用軟體
6568,24,M23G 半導體,M23G5B 網通射頻IC
6569,22,M23A 電腦及週邊,M23A5B 工業電腦
6570,25,M23A 電腦及週邊,M23A5B 工業電腦
6572,22,M17G 醫療耗材,M17G3 體外診斷
6573,24,M23D 電子零組件,M23D1 分離式元件
6574,22,M17Y 化妝美容,M17Y 化妝美容
6576,22,M17C 藥,M17C1C 小分子新藥
6577,25,M23A 電腦及週邊,M23A5B 工業電腦
6578,33,M12B 油脂飼料,M12B 油脂飼料
6579,25,M23A 電腦及週邊,M23A5B 工業電腦
6580,22,M17C 藥,M17C1C 小分子新藥
6581,35,M99L 資源回收,M99L2 廢棄物處理
6582,11,M21C 橡膠原料,M21C 橡膠原料
6583,32,M99H 電視廣播,M99H 電視廣播
6584,28,M20B 金屬製品,M20B 金屬製品
6585,20,M17F 樹脂,M17F 樹脂
6586,22,M17C 藥,M17C1D 大分子新藥
6588,27,M23K 通信網路,M23K6 光元件模組
6589,22,M17C 藥,M17C1D 大分子新藥
6590,30,M23X 資訊服務,M23X1 系統整合
6591,25,M23D 電子零組件,M23D9B 散熱零組件
6592,20,M28K 租賃,M28K 租賃
6593,30,M23Z 其他電子,M23Z 其他電子
6595,32,M99Z 其他,M99ZX 其他服務
6596,32,M99E 廣告,M99E 廣告
6597,28,M23D 電子零組件,M23D5 被動元件
6598,22,M17G 醫療耗材,M17G3 體外診斷
6599,25,M23A 電腦及週邊,M23A5A POS
6603,05,M15A 機械,M15A1 工具機
6604,05,M15D 汽車組件,M15D 汽車組件
6605,12,M15D 汽車組件,M15D 汽車組件
6606,05,M15A 機械,M15A1 工具機
6609,05,M15A 機械,M15A1 工具機
6610,22,M17C 藥,M17C1C 小分子新藥
6612,22,M17G 醫療耗材,M17G4 輔助與彌補
6613,31,M23H 電子設備,M23H1 廠辦機電
6614,36,M23X 資訊服務,M23X1 系統整合
6615,22,M17H 生物科技,M17H2 基因檢測
6616,38,M99B 五金及家具,M99B 五金及家具
6617,22,M17C 藥,M17C1C 小分子新藥
6618,21,M17Z 其他化學,M17Z 其他化學
6620,22,M17C 藥,M17C1C 小分子新藥
6621,22,M17G 醫療耗材,M17G2 手術與治療
6622,32,M99H 電視廣播,M99H 電視廣播
6624,35,M99L 資源回收,M99L2 廢棄物處理
6625,20,M99H 電視廣播,M99H 電視廣播
6629,38,M99B 五金及家具,M99B 五金及家具
6634,22,M17C 藥,M17C1C 小分子新藥
6637,22,M17G 醫療耗材,M17G1 診斷與監測
6638,25,M23C 光電及I/O,M23C3 3C週邊
6639,23,M99D 公用事業,M99D3 汽電共生
6640,24,M23H 電子設備,M23H2 電機設備
6641,35,M99L 資源回收,M99L2 廢棄物處理
6642,28,M23D 電子零組件,M23D5 被動元件
6643,24,M23G 半導體,M23G5L 矽智財
6645,22,M17G 醫療耗材,M17G3 體外診斷
6648,31,M15B 電機製品,M15B1 電機
6649,22,M17G 醫療耗材,M17G2 手術與治療
6650,32,M99E 廣告,M99E 廣告
6651,24,M23G 半導體,M23G5K MOSFET
6652,22,M17C 藥,M17C1C 小分子新藥
6654,31,M23H 電子設備,M23H2 電機設備
6655,20,M99Z 其他,M99ZC 其他製造
6657,22,M17C 藥,M17C1C 小分子新藥
6658,31,M23H 電子設備,M23H2 電機設備
6659,22,M17C 藥,M17C1E 植物及中藥
6661,22,M17H 生物科技,M17H2 基因檢測
6662,22,M17H 生物科技,M17H1 細胞醫療
6664,28,M23H 電子設備,M23H2 電機設備
6665,22,M17G 醫療耗材,M17G3 體外診斷
6666,22,M17Y 化妝美容,M17Y 化妝美容
6667,31,M23H 電子設備,M23H1 廠辦機電
6668,26,M23U 消費性電子,M23U1 光學鏡頭
6669,25,M23A 電腦及週邊,M23A2 泛用電腦
6670,37,M99Z 其他,M99Z2 高爾夫用品
6671,38,M99Z 其他,M99ZC 其他製造
6672,28,M23B 印刷電路板,M23B3A 銅箔基板
6673,26,M23C 光電及I/O,M23CZ1 投影裝置
6674,27,M23K 通信網路,M23K4 網通設備
6676,22,M17C 藥,M17C1B 學名藥
6677,22,M17C 藥,M17C1B 學名藥
6679,24,M23G 半導體,M23G5J 音訊IC
6680,25,M23A 電腦及週邊,M23A5B 工業電腦
6682,26,M23C 光電及I/O,M23C7F 其他太陽能
6683,24,M23B 印刷電路板,M23B2D 其他PCB
6684,24,M23G 半導體,M23G5F 傳輸介面IC
6689,36,M23X 資訊服務,M23X1 系統整合
6690,36,M23X 資訊服務,M23X1 系統整合
6691,31,M23H 電子設備,M23H1 廠辦機電
6692,35,M23C 光電及I/O,M23C7E 太陽能系統
6693,24,M23G 半導體,M23G5K MOSFET
6695,24,M23G 半導體,M23G5Z 其他IC
6696,22,M17C 藥,M17C1C 小分子新藥
6697,30,M23X 資訊服務,M23X1 系統整合
6698,31,M23C 光電及I/O,M23C8C LCD原料
6703,22,M17Y 化妝美容,M17Y 化妝美容
6704,22,M17H 生物科技,M17H1 細胞醫療
6705,05,M20B 金屬製品,M20B 金屬製品
6706,26,M23H 電子設備,M23H2 電機設備
6707,29,M23T 電子通路,M23T1 3C通路
6708,24,M23G 半導體,M23G5B 網通射頻IC
6709,22,M17C 藥,M17C1D 大分子新藥
6712,22,M17H 生物科技,M17H1 細胞醫療
6715,28,M23D 電子零組件,M23D2 連接器
6716,24,M23G 半導體,M23G5H 微控制器IC
6719,24,M23G 半導體,M23G5D 電源管理IC
6720,24,M23G 半導體,M23G5Z 其他IC
6721,20,M99Z 其他,M99ZX 其他服務
6722,31,M15D 汽車組件,M15D 汽車組件
6723,35,M23H 電子設備,M23H1 廠辦機電
6725,31,M23H 電子設備,M23H1 廠辦機電
6727,28,M23H 電子設備,M23H2 電機設備
6728,38,M15C 家電製品,M15C1 家電
6729,26,M23C 光電及I/O,M23CZ2 其他顯示
6730,22,M17G 醫療耗材,M17G2 手術與治療
6732,24,M23G 半導體,M23G5I 感測器IC
6733,22,M17G 醫療耗材,M17G4 輔助與彌補
6734,22,M17G 醫療耗材,M17G3 體外診斷
6735,31,M23H 電子設備,M23H2 電機設備
6737,25,M23D 電子零組件,M23D9D 其他零組件
6738,30,M23E 數位雲端,M23E2 數位服務
6739,31,M23H 電子設備,M23H2 電機設備
6741,36,M23E 數位雲端,M23E2 數位服務
6742,26,M23U 消費性電子,M23U1 光學鏡頭
6743,31,M23U 消費性電子,M23U2 聲學產品
6744,22,M17G 醫療耗材,M17G3 體外診斷
6748,22,M17G 醫療耗材,M17G4 輔助與彌補
6750,31,M15B 電機製品,M15B2 機電工程
6751,30,M23X 資訊服務,M23X1 系統整合
6752,30,M23X 資訊服務,M23X9 應用軟體
6753,15,M22B 機車船製造,M22B1 船舶製造
6754,38,M25C 工程承攬,M25C 工程承攬
6755,28,M23D 電子零組件,M23D9A 沖壓零組件
6756,24,M23G 半導體,M23G5F 傳輸介面IC
6757,15,M26D 空運,M26D 空運
6758,22,M17G 醫療耗材,M17G4 輔助與彌補
6761,28,M23Z 其他電子,M23Z 其他電子
6762,22,M17G 醫療耗材,M17G2 手術與治療
6763,36,M23E 數位雲端,M23E2 數位服務
6767,22,M17G 醫療耗材,M17G4 輔助與彌補
6768,37,M99K 鞋及旅行箱,M99K 鞋及旅行箱
6770,24,M23G 半導體,M23G1A 晶圓代工
6771,35,M99L 資源回收,M99L2 廢棄物處理
6775,26,M23C 光電及I/O,M23C8C LCD原料
6776,29,M23T 電子通路,M23T1 3C通路
6780,32,M99Z 其他,M99ZX 其他服務
6781,28,M23D 電子零組件,M23D7 二次電池
6782,22,M17G 醫療耗材,M17G4 輔助與彌補
6784,27,M23K 通信網路,M23K5 導航定位
6785,22,M17C 藥,M17C1D 大分子新藥
6786,24,M23G 半導體,M23G5L 矽智財
6787,26,M23C 光電及I/O,M23CZ2 其他顯示
6788,24,M23H 電子設備,M23H2 電機設備
6789,24,M23G 半導體,M23G6 其他半導體
6790,09,M19A 造紙,M19A 造紙
6791,30,M23X 資訊服務,M23X9 應用軟體
6792,27,M23D 電子零組件,M23D5 被動元件
6793,20,M17F 樹脂,M17F 樹脂
6794,22,M17H 生物科技,M17H1 細胞醫療
6796,22,M17G 醫療耗材,M17G1 診斷與監測
6797,22,M17G 醫療耗材,M17G3 體外診斷
6798,37,M99Z 其他,M99ZX 其他服務
6799,24,M23G 半導體,M23G5D 電源管理IC
6803,35,M99L 資源回收,M99L2 廢棄物處理
6804,37,M99Z 其他,M99Z1 自行健行車
6805,28,M23D 電子零組件,M23D9A 沖壓零組件
6806,35,M99D 公用事業,M99D4 電力及能源
6807,38,M99B 五金及家具,M99B 五金及家具
6808,22,M17G 醫療耗材,M17G4 輔助與彌補
6810,22,M17G 醫療耗材,M17G3 體外診斷
6811,36,M23X 資訊服務,M23X1 系統整合
6812,26,M23H 電子設備,M23H2 電機設備
6814,22,M17H 生物科技,M17H1 細胞醫療
6815,22,M17G 醫療耗材,M17G4 輔助與彌補
6816,30,M23X 資訊服務,M23X9 應用軟體
6817,22,M17C 藥,M17C1B 學名藥
6818,27,M23K 通信網路,M23K2 衛星微波
6819,24,M23D 電子零組件,M23D9D 其他零組件
6820,27,M23K 通信網路,M23K6 光元件模組
6821,28,M23D 電子零組件,M23D5 被動元件
6823,24,M23H 電子設備,M23H2 電機設備
6825,25,M23A 電腦及週邊,M23A5B 工業電腦
6826,31,M23H 電子設備,M23H1 廠辦機電
6827,22,M17C 藥,M17C1D 大分子新藥
6829,24,M23H 電子設備,M23H2 電機設備
6830,31,M23Z 其他電子,M23Z 其他電子
6831,25,M23D 電子零組件,M23D9B 散熱零組件
6832,20,M14Z 其他紡織,M14Z 其他紡織
6833,28,M23D 電子零組件,M23D2 連接器
6834,28,M23D 電子零組件,M23D5 被動元件
6835,28,M23B 印刷電路板,M23B2C 軟板
6838,22,M17C 藥,M17C1C 小分子新藥
6839,35,M23C 光電及I/O,M23C7E 太陽能系統
6840,31,M23Z 其他電子,M23Z 其他電子
6841,22,M17G 醫療耗材,M17G1 診斷與監測
6842,24,M23G 半導體,M23G5L 矽智財
6843,05,M15Z 其他電製品,M15Z 其他電製品
6844,22,M17X 醫藥通路,M17X2 醫藥零售
6846,02,M17C 藥,M17C2 機能性食品
6847,22,M17G 醫療耗材,M17G2 手術與治療
6848,22,M17G 醫療耗材,M17G3 體外診斷
6849,31,M23H 電子設備,M23H1 廠辦機電
6850,22,M17G 醫療耗材,M17G3 體外診斷
6854,24,M23C 光電及I/O,M23C6B 磊晶及晶粒
6855,31,M15A 機械,M15A1 工具機
6856,32,M99H 電視廣播,M99H 電視廣播
6857,22,M17G 醫療耗材,M17G1 診斷與監測
6858,25,M23C 光電及I/O,M23CZ2 其他顯示
6859,26,M23U 消費性電子,M23U1 光學鏡頭
6861,22,M17G 醫療耗材,M17G1 診斷與監測
6862,28,M23D 電子零組件,M23D5 被動元件
6863,27,M23K 通信網路,M23KX 其他網通
6864,22,M17C 藥,M17C1C 小分子新藥
6865,36,M23X 資訊服務,M23X1 系統整合
6867,26,M15D 汽車組件,M15D 汽車組件
6868,30,M23X 資訊服務,M23X1 系統整合
6869,35,M99D 公用事業,M99D4 電力及能源
6870,36,M23E 數位雲端,M23E2 數位服務
6872,22,M17G 醫療耗材,M17G2 手術與治療
6873,35,M23C 光電及I/O,M23C7E 太陽能系統
6874,30,M23X 資訊服務,M23X9 應用軟體
6875,22,M17C 藥,M17C1C 小分子新藥
6876,22,M17C 藥,M17C1C 小分子新藥
6877,31,M23H 電子設備,M23H2 電機設備
6878,17,M28R 電子支付,M28R 電子支付
6879,22,M17G 醫療耗材,M17G3 體外診斷
6881,20,M25C 工程承攬,M25C 工程承攬
6882,30,M23X 資訊服務,M23X9 應用軟體
6883,35,M23C 光電及I/O,M23C7E 太陽能系統
6884,30,M23T 電子通路,M23T1 3C通路
6885,22,M17C 藥,M17C1C 小分子新藥
6886,02,M17C 藥,M17C2 機能性食品
6887,35,M99L 資源回收,M99L2 廢棄物處理
6890,37,M99K 鞋及旅行箱,M99K 鞋及旅行箱
6891,22,M17H 生物科技,M17H1 細胞醫療
6892,22,M17H 生物科技,M17H1 細胞醫療
6894,35,M99L 資源回收,M99L2 廢棄物處理
6895,24,M23H 電子設備,M23H2 電機設備
6898,30,M99Z 其他,M99ZX 其他服務
6899,26,M23C 光電及I/O,M23C8E 觸控面板
6901,20,M31B 創投,M31B 創投
6902,36,M23X 資訊服務,M23X9 應用軟體
6903,31,M23H 電子設備,M23H1 廠辦機電
6904,20,M15A 機械,M15A1 工具機
6906,36,M23X 資訊服務,M23X9 應用軟體
6907,24,M23G 半導體,M23G5H 微控制器IC
6908,29,M23T 電子通路,M23TZ 其他3C代理
6909,24,M23H 電子設備,M23H2 電機設備
6910,36,M23X 資訊服務,M23X9 應用軟體
6911,20,M99L 資源回收,M99L2 廢棄物處理
6912,35,M99L 資源回收,M99L2 廢棄物處理
6913,28,M23D 電子零組件,M23D2 連接器
6914,20,M23X 資訊服務,M23X1 系統整合
6915,28,M23U 消費性電子,M23U1 光學鏡頭
6916,26,M23C 光電及I/O,M23C8D 其他LCD
6917,22,M17C 藥,M17C1C 小分子新藥
6918,22,M17G 醫療耗材,M17G4 輔助與彌補
6919,22,M17C 藥,M17C1C 小分子新藥
6920,24,M23B 印刷電路板,M23B2A IC載板
6921,24,M23G 半導體,M23G5F 傳輸介面IC
6922,25,M23A 電腦及週邊,M23A5B 工業電腦
6923,35,M99L 資源回收,M99L2 廢棄物處理
6924,28,M23B 印刷電路板,M23B2B 硬板
6925,36,M23X 資訊服務,M23X9 應用軟體
6926,22,M17C 藥,M17C1D 大分子新藥
6927,24,M23G 半導體,M23G5G 顯示驅動IC
6928,25,M23A 電腦及週邊,M23A5B 工業電腦
6929,22,M17X 醫藥通路,M17X2 醫藥零售
6931,22,M17X 醫藥通路,M17X1 醫療服務
6932,22,M17C 藥,M17C1C 小分子新藥
6933,25,M23A 電腦及週邊,M23A2 泛用電腦
6934,22,M17G 醫療耗材,M17G2 手術與治療
6935,02,M17C 藥,M17C1A 原料藥
6936,22,M17C 藥,M17C1F 動物用藥
6937,24,M23H 電子設備,M23H2 電機設備
6938,30,M23X 資訊服務,M23X1 系統整合
6939,22,M17H 生物科技,M17H1 細胞醫療
6940,28,M23D 電子零組件,M23D7 二次電池
6944,35,M99L 資源回收,M99L2 廢棄物處理
6945,22,M17C 藥,M17C1D 大分子新藥
6946,35,M99D 公用事業,M99D4 電力及能源
6947,35,M99L 資源回收,M99L2 廢棄物處理
6949,22,M17H 生物科技,M17H1 細胞醫療
6951,35,M99L 資源回收,M99L2 廢棄物處理
6952,20,M99Z 其他,M99ZA4 牧業
6953,24,M23H 電子設備,M23H2 電機設備
6955,22,M17G 醫療耗材,M17G3 體外診斷
6957,20,M20A 基本金屬,M20A9 金屬加工
6958,20,M28K 租賃,M28K 租賃
6959,21,M17Z 其他化學,M17Z 其他化學
6961,16,M27C 旅行社,M27C 旅行社
6962,24,M23G 半導體,M23G5G 顯示驅動IC
6963,02,M12Z 其他食品,M12Z 其他食品
6965,37,M99K 鞋及旅行箱,M99K 鞋及旅行箱
6967,28,M23Z 其他電子,M23Z 其他電子
6968,38,M29A 百貨批發,M29A9 其他零售
6969,35,M99L 資源回收,M99L2 廢棄物處理
6971,35,M99L 資源回收,M99L2 廢棄物處理
6972,21,M21C 橡膠原料,M21C 橡膠原料
6973,22,M17H 生物科技,M17H1 細胞醫療
6976,22,M17H 生物科技,M17H1 細胞醫療
6977,35,M99L 資源回收,M99L2 廢棄物處理
6979,26,M23C 光電及I/O,M23C8C LCD原料
6980,27,M23K 通信網路,M23K2 衛星微波
6982,05,M15Z 其他電製品,M15Z 其他電製品
6983,31,M23H 電子設備,M23H2 電機設備
6984,36,M23E 數位雲端,M23E1 電子商務
6986,22,M17H 生物科技,M17H1 細胞醫療
6987,35,M23C 光電及I/O,M23C7E 太陽能系統
6988,12,M23B 印刷電路板,M23B1 PCB組裝
6990,35,M99L 資源回收,M99L1 貴金屬回收
6994,35,M99D 公用事業,M99D4 電力及能源
6995,20,M29A 百貨批發,M29A9 其他零售
6996,24,M23G 半導體,M23G5G 顯示驅動IC
6997,36,M23X 資訊服務,M23X1 系統整合
6999,22,M17G 醫療耗材,M17G9 其他醫材
7402,26,M23U 消費性電子,M23UZ 消費性電子
7419,28,M23B 印刷電路板,M23B3X 其他PCB材
7427,22,M17C 藥,M17C1C 小分子新藥
7443,20,M15C 家電製品,M15C1 家電
7455,25,M23K 通信網路,M23KX 其他網通
7507,35,M99L 資源回收,M99L2 廢棄物處理
7516,20,M17E 清潔劑,M17E2 清潔用品
7530,24,M23H 電子設備,M23H2 電機設備
7547,36,M23X 資訊服務,M23X1 系統整合
7551,36,M23E 數位雲端,M23E2 數位服務
7556,24,M23H 電子設備,M23H2 電機設備
7558,20,M23K 通信網路,M23K5 導航定位
7561,22,M17C 藥,M17C2 機能性食品
7562,25,M23A 電腦及週邊,M23A5B 工業電腦
7566,16,M27B 觀光遊樂區,M27B 觀光遊樂區
7575,22,M17G 醫療耗材,M17G9 其他醫材
7578,20,M99L 資源回收,M99L2 廢棄物處理
7583,35,M26A 海運,M26A3 其他水運
7584,32,M23X 資訊服務,M23X2 遊戲軟體
7590,20,M23C 光電及I/O,M23C7E 太陽能系統
7595,22,M17G 醫療耗材,M17G3 體外診斷
7607,22,M17H 生物科技,M17H1 細胞醫療
7610,35,M99L 資源回收,M99L1 貴金屬回收
7631,31,M23H 電子設備,M23H1 廠辦機電
7642,05,M15C 家電製品,M15C1 家電
7669,24,M23Z 其他電子,M23Z 其他電子
7689,27,M23C 光電及I/O,M23C9 安全監控
7702,35,M20A 基本金屬,M20A9 金屬加工
7703,31,M23H 電子設備,M23H1 廠辦機電
7704,24,M23H 電子設備,M23H2 電機設備
7705,16,M27A 餐飲飯店,M27A2 餐飲
7706,20,M99Z 其他,M99ZX 其他服務
7707,24,M23G 半導體,M23G5L 矽智財
7708,16,M27A 餐飲飯店,M27A2 餐飲
7709,05,M15A 機械,M15A1 工具機
7710,25,M23A 電腦及週邊,M23A5B 工業電腦
7711,25,M23A 電腦及週邊,M23A3 品牌及主板
7712,24,M23G 半導體,M23G5K MOSFET
7713,22,M17G 醫療耗材,M17G3 體外診斷
7714,36,M23X 資訊服務,M23X1 系統整合
7715,35,M99L 資源回收,M99L2 廢棄物處理
7716,15,M26C 貨運倉儲,M26C 貨運倉儲
7717,27,M23K 通信網路,M23K6 光元件模組
7718,10,M20A 基本金屬,M20A1 線材
7719,20,M99Z 其他,M99ZC 其他製造
7721,36,M23X 資訊服務,M23X1 系統整合
7722,36,M23E 數位雲端,M23E2 數位服務
7723,16,M27A 餐飲飯店,M27A2 餐飲
7724,22,M17G 醫療耗材,M17G9 其他醫材
7725,22,M17G 醫療耗材,M17G3 體外診斷
7726,22,M17G 醫療耗材,M17G9 其他醫材
7728,31,M23H 電子設備,M23H2 電機設備
7729,22,M17H 生物科技,M17H1 細胞醫療
7730,24,M23H 電子設備,M23H2 電機設備
7731,02,M17C 藥,M17C2 機能性食品
7732,12,M15D 汽車組件,M15D 汽車組件
7734,24,M23H 電子設備,M23H2 電機設備
7736,12,M15D 汽車組件,M15D 汽車組件
7737,36,M23X 資訊服務,M23X9 應用軟體
7738,36,M23E 數位雲端,M23E2 數位服務
7740,35,M23D 電子零組件,M23D7 二次電池
7742,21,M17Z 其他化學,M17Z 其他化學
7743,02,M12C 飲料乳品,M12C 飲料乳品
7744,28,M23D 電子零組件,M23D9A 沖壓零組件
7745,36,M23E 數位雲端,M23E2 數位服務
7747,36,M23X 資訊服務,M23X1 系統整合
7748,20,M99Z 其他,M99ZX 其他服務
7749,24,M23G 半導體,M23G5L 矽智財
7750,05,M15A 機械,M15A1 工具機
7751,24,M23H 電子設備,M23H2 電機設備
7752,35,M20A 基本金屬,M20A9 金屬加工
7753,26,M23C 光電及I/O,M23C6C 封裝及模組
7754,22,M17C 藥,M17C1C 小分子新藥
7756,16,M27A 餐飲飯店,M27A2 餐飲
7757,16,M27A 餐飲飯店,M27A2 餐飲
7758,28,M23D 電子零組件,M23D7 二次電池
7759,22,M17C 藥,M17C1D 大分子新藥
7760,16,M27B 觀光遊樂區,M27B 觀光遊樂區
7761,35,M99L 資源回收,M99L1 貴金屬回收
7762,22,M17C 藥,M17C1B 學名藥
7763,21,M17Z 其他化學,M17Z 其他化學
7764,20,M15D 汽車組件,M15D 汽車組件
7765,36,M23X 資訊服務,M23X1 系統整合
7767,30,M23X 資訊服務,M23X1 系統整合
7768,24,M17F 樹脂,M17F 樹脂
7769,24,M23H 電子設備,M23H2 電機設備
7770,24,M23G 半導體,M23G5F 傳輸介面IC
7771,13,M23C 光電及I/O,M23C9 安全監控
7772,24,M23G 半導體,M23G6 其他半導體
7773,22,M17H 生物科技,M17H1 細胞醫療
7776,22,M17C 藥,M17C1C 小分子新藥
7777,20,M31B 創投,M31B 創投
7779,37,M99H 電視廣播,M99H 電視廣播
7780,02,M17C 藥,M17C2 機能性食品
7781,36,M23X 資訊服務,M23X1 系統整合
7782,38,M29A 百貨批發,M29A9 其他零售
7783,35,M26E 其他運儲,M26E 其他運儲
7785,36,M23X 資訊服務,M23X1 系統整合
7786,35,M26A 海運,M26A3 其他水運
7788,28,M23D 電子零組件,M23D9A 沖壓零組件
7789,16,M27A 餐飲飯店,M27A2 餐飲
7790,22,M17H 生物科技,M17H1 細胞醫療
7791,02,M12Z 其他食品,M12Z 其他食品
7792,31,M15B 電機製品,M15B2 機電工程
7794,38,M15C 家電製品,M15C1 家電
7795,28,M23H 電子設備,M23H2 電機設備
7796,24,M23G 半導體,M23G5L 矽智財
7797,16,M27A 餐飲飯店,M27A2 餐飲
7798,14,M25A 建設,M25A 建設
7799,22,M17G 醫療耗材,M17G2 手術與治療
7801,30,M23A 電腦及週邊,M23A2 泛用電腦
7803,22,M17G 醫療耗材,M17G1 診斷與監測
7805,36,M23A 電腦及週邊,M23A2 泛用電腦
7806,02,M17C 藥,M17C2 機能性食品
7808,22,M17H 生物科技,M17H1 細胞醫療
7810,24,M23H 電子設備,M23H3 設備通路
7811,37,M99K 鞋及旅行箱,M99K 鞋及旅行箱
7812,27,M23K 通信網路,M23K2 衛星微波
7813,31,M23H 電子設備,M23H1 廠辦機電
7814,22,M17G 醫療耗材,M17G4 輔助與彌補
7815,24,M23B 印刷電路板,M23B2D 其他PCB
7816,28,M23D 電子零組件,M23D7 二次電池
7818,20,M15C 家電製品,M15C1 家電
7819,30,M23X 資訊服務,M23X1 系統整合
7820,35,M99L 資源回收,M99L2 廢棄物處理
7821,31,M23K 通信網路,M23K5 導航定位
7822,24,M23H 電子設備,M23H2 電機設備
7823,36,M23X 資訊服務,M23X9 應用軟體
7824,20,M99H 電視廣播,M99H 電視廣播
7825,31,M23H 電子設備,M23H2 電機設備
7826,36,M23X 資訊服務,M23X1 系統整合
7827,22,M17C 藥,M17C1D 大分子新藥
7828,24,M23H 電子設備,M23H2 電機設備
7829,22,M17C 藥,M17C1C 小分子新藥
7831,38,M22X 汽車買賣,M22X 汽車買賣
7832,22,M17C 藥,M17C1D 大分子新藥
7833,35,M23C 光電及I/O,M23C7E 太陽能系統
7834,30,M23X 資訊服務,M23X9 應用軟體
7836,20,M23K 通信網路,M23K1 網通工程
7837,22,M17H 生物科技,M17H1 細胞醫療
7839,36,M23E 數位雲端,M23E2 數位服務
7840,33,M12B 油脂飼料,M12B 油脂飼料
7841,30,M23X 資訊服務,M23X1 系統整合
7842,35,M99D 公用事業,M99D4 電力及能源
7843,24,M23G 半導體,M23G3B 記憶體模組
7846,35,M99L 資源回收,M99L1 貴金屬回收
7847,16,M27A 餐飲飯店,M27A2 餐飲
7848,31,M23H 電子設備,M23H1 廠辦機電
7849,31,M23H 電子設備,M23H1 廠辦機電
7850,22,M17C 藥,M17C1F 動物用藥
7851,22,M17G 醫療耗材,M17G1 診斷與監測
7853,24,M23H 電子設備,M23H2 電機設備
7854,25,M23D 電子零組件,M23D7 二次電池
7855,20,M22X 汽車買賣,M22X 汽車買賣
7856,24,M23B 印刷電路板,M23B2D 其他PCB
7857,35,M99L 資源回收,M99L2 廢棄物處理
7858,21,M23T 電子通路,M23T2 零組件代理
7860,22,M17C 藥,M17C1B 學名藥
7861,28,M23D 電子零組件,M23D2 連接器
7862,04,M14A 人纖,M14A2 加工絲
7863,15,M26C 貨運倉儲,M26C 貨運倉儲
7865,35,M99L 資源回收,M99L2 廢棄物處理
7866,24,M23G 半導體,M23G2 IC封測
7867,38,M29A 百貨批發,M29A2 量販
7868,30,M23X 資訊服務,M23X1 系統整合
7869,05,M15B 電機製品,M15B1 電機
7870,31,M23A 電腦及週邊,M23A5B 工業電腦
7871,22,M17C 藥,M17C1D 大分子新藥
7872,24,M23G 半導體,M23G5D 電源管理IC
7875,25,M23A 電腦及週邊,M23A2 泛用電腦
7876,22,M17C 藥,M17C1D 大分子新藥
7877,35,M23C 光電及I/O,M23C7E 太陽能系統
7878,22,M17C 藥,M17C1C 小分子新藥
7879,05,M20B 金屬製品,M20B 金屬製品
7880,24,M23H 電子設備,M23H2 電機設備
7881,22,M17G 醫療耗材,M17G2 手術與治療
7882,20,M31B 創投,M31B 創投
7883,16,M27A 餐飲飯店,M27A2 餐飲
7885,31,M23T 電子通路,M23T1 3C通路
7886,24,M23H 電子設備,M23H2 電機設備
7887,24,M17Z 其他化學,M17Z 其他化學
7888,22,M17C 藥,M17C1D 大分子新藥
7889,02,M23E 數位雲端,M23E1 電子商務
7890,35,M23D 電子零組件,M23D7 二次電池
7891,22,M17C 藥,M17C1C 小分子新藥
7892,25,M23D 電子零組件,M23D9B 散熱零組件
7893,28,M23D 電子零組件,M23D2 連接器
7895,33,M12A 罐頭加工,M12A 罐頭加工
7896,28,M17F 樹脂,M17F 樹脂
7897,35,M23C 光電及I/O,M23C7E 太陽能系統
7899,24,M23B 印刷電路板,M23B2D 其他PCB
7901,27,M23K 通信網路,M23K3 電信及IDC
7902,22,M17H 生物科技,M17H1 細胞醫療
7904,36,M23E 數位雲端,M23E1 電子商務
7909,20,M23H 電子設備,M23H2 電機設備
8011,27,M23K 通信網路,M23K1 網通工程
8016,24,M23G 半導體,M23G5G 顯示驅動IC
8021,31,M23B 印刷電路板,M23B3X 其他PCB材
8024,24,M23G 半導體,M23G5H 微控制器IC
8027,05,M23H 電子設備,M23H2 電機設備
8028,24,M23G 半導體,M23G3C 晶圓材料
8032,29,M23T 電子通路,M23T2 零組件代理
8033,20,M99Z 其他,M99ZC 其他製造
8034,27,M23K 通信網路,M23K1 網通工程
8038,28,M23D 電子零組件,M23D7 二次電池
8039,28,M23B 印刷電路板,M23B3C FCCL
8040,24,M23G 半導體,M23G5B 網通射頻IC
8042,28,M23D 電子零組件,M23D5 被動元件
8043,28,M23T 電子通路,M23T2 零組件代理
8044,36,M23E 數位雲端,M23E1 電子商務
8045,27,M23K 通信網路,M23K1 網通工程
8046,28,M23B 印刷電路板,M23B2A IC載板
8047,31,M23C 光電及I/O,M23C3 3C週邊
8048,27,M23K 通信網路,M23K4 網通設備
8049,26,M23C 光電及I/O,M23C8D 其他LCD
8050,25,M23A 電腦及週邊,M23A5B 工業電腦
8054,24,M23G 半導體,M23G5F 傳輸介面IC
8058,31,M13A 石化,M13A8 塑膠加工
8059,27,M23K 通信網路,M23K4 網通設備
8064,26,M23H 電子設備,M23H2 電機設備
8066,38,M99B 五金及家具,M99B 五金及家具
8067,29,M23T 電子通路,M23T1 3C通路
8068,29,M23T 電子通路,M23T2 零組件代理
8069,26,M23C 光電及I/O,M23C8A LCD面板
8070,29,M23T 電子通路,M23T2 零組件代理
8071,28,M23D 電子零組件,M23D9A 沖壓零組件
8072,29,M23T 電子通路,M23T2 零組件代理
8074,28,M23B 印刷電路板,M23B3X 其他PCB材
8076,25,M23A 電腦及週邊,M23A5A POS
8077,16,M27A 餐飲飯店,M27A1 飯店
8080,14,M25A 建設,M25A 建設
8081,24,M23G 半導體,M23G5D 電源管理IC
8083,05,M15A 機械,M15A2 模具零件
8084,29,M23G 半導體,M23G5Z 其他IC
8085,31,M23C 光電及I/O,M23C8B 背光模組
8086,24,M23G 半導體,M23G3A 化合物SEMI
8087,35,M23C 光電及I/O,M23C7E 太陽能系統
8088,24,M23G 半導體,M23G3B 記憶體模組
8089,27,M23K 通信網路,M23K4 網通設備
8091,24,M23H 電子設備,M23H2 電機設備
8092,31,M23H 電子設備,M23H2 電機設備
8093,28,M23D 電子零組件,M23D3 電源供應器
8096,29,M23T 電子通路,M23T2 零組件代理
8097,27,M23K 通信網路,M23K4 網通設備
8098,24,M23D 電子零組件,M23D9A 沖壓零組件
8099,30,M23X 資訊服務,M23X1 系統整合
8101,27,M23K 通信網路,M23KX 其他網通
8102,24,M23G 半導體,M23G5C 單晶片系統
8103,28,M23D 電子零組件,M23D2 連接器
8104,26,M23C 光電及I/O,M23C8A LCD面板
8105,26,M23C 光電及I/O,M23C8D 其他LCD
8107,05,M15D 汽車組件,M15D 汽車組件
8109,28,M23D 電子零組件,M23D3 電源供應器
8110,24,M23G 半導體,M23G2 IC封測
8111,26,M23C 光電及I/O,M23C6C 封裝及模組
8112,29,M23T 電子通路,M23T2 零組件代理
8114,25,M23A 電腦及週邊,M23A5A POS
8119,25,M23A 電腦及週邊,M23A2 泛用電腦
8121,28,M23D 電子零組件,M23D5 被動元件
8131,24,M23G 半導體,M23G2 IC封測
8147,28,M23D 電子零組件,M23D2 連接器
8150,24,M23G 半導體,M23G2 IC封測
8155,28,M23B 印刷電路板,M23B2B 硬板
8162,24,M23G 半導體,M23G2 IC封測
8163,25,M23C 光電及I/O,M23C3 3C週邊
8171,35,M23D 電子零組件,M23D7 二次電池
8176,27,M23K 通信網路,M23K4 網通設備
8182,28,M23D 電子零組件,M23D6 石英元件
8183,31,M23B 印刷電路板,M23B1 PCB組裝
8201,31,M23Z 其他電子,M23Z 其他電子
8210,25,M23D 電子零組件,M23D4 機殼
8213,28,M23B 印刷電路板,M23B2B 硬板
8215,26,M23C 光電及I/O,M23C8C LCD原料
8222,05,M22B 機車船製造,M22B3 航空器製造
8227,24,M23G 半導體,M23G5L 矽智財
8234,25,M23A 電腦及週邊,M23A5B 工業電腦
8240,26,M23C 光電及I/O,M23C8C LCD原料
8249,28,M23C 光電及I/O,M23C2 影像掃描
8255,05,M23D 電子零組件,M23D1 分離式元件
8261,24,M23G 半導體,M23G5K MOSFET
8271,24,M23G 半導體,M23G3B 記憶體模組
8272,30,M23X 資訊服務,M23X1 系統整合
8277,24,M23G 半導體,M23G3B 記憶體模組
8279,22,M17C 藥,M17C2 機能性食品
8284,30,M23X 資訊服務,M23X9 應用軟體
8289,28,M23D 電子零組件,M23D6 石英元件
8291,28,M23B 印刷電路板,M23B3A 銅箔基板
8298,30,M23X 資訊服務,M23X1 系統整合
8299,24,M23G 半導體,M23G5E 記憶體IC
8329,32,M99H 電視廣播,M99H 電視廣播
8341,35,M99L 資源回收,M99L2 廢棄物處理
8342,20,M20A 基本金屬,M20A9 金屬加工
8345,33,M12A 罐頭加工,M12A 罐頭加工
8349,10,M20A 基本金屬,M20A1 線材
8354,20,M13A 石化,M13A9 膠帶
8358,28,M23B 印刷電路板,M23B3X 其他PCB材
8359,16,M27B 觀光遊樂區,M27B 觀光遊樂區
8367,15,M26C 貨運倉儲,M26C 貨運倉儲
8374,05,M15A 機械,M15A2 模具零件
8383,24,M23H 電子設備,M23H1 廠辦機電
8390,35,M99L 資源回收,M99L1 貴金屬回收
8401,20,M99C 印刷,M99C 印刷
8403,22,M17X 醫藥通路,M17X2 醫藥零售
8404,20,M14Z 其他紡織,M14Z 其他紡織
8409,22,M17G 醫療耗材,M17G1 診斷與監測
8410,25,M13A 石化,M13A8 塑膠加工
8411,20,M20B 金屬製品,M20B 金屬製品
8415,10,M20A 基本金屬,M20A1 線材
8416,30,M23X 資訊服務,M23X9 應用軟體
8421,20,M13B 塑膠製品,M13B 塑膠製品
8422,35,M99L 資源回收,M99L2 廢棄物處理
8423,35,M21C 橡膠原料,M21C 橡膠原料
8424,14,M11C 其他水泥,M11C 其他水泥
8426,20,M99B 五金及家具,M99B 五金及家具
8429,18,M99K 鞋及旅行箱,M99K 鞋及旅行箱
8431,31,M23C 光電及I/O,M23C4B 硬碟磁碟
8432,22,M17C 藥,M17C1B 學名藥
8433,38,M29B 貿易,M29B 貿易
8435,20,M99L 資源回收,M99L2 廢棄物處理
8436,22,M17C 藥,M17C2 機能性食品
8437,20,M99Z 其他,M99ZX 其他服務
8438,35,M99L 資源回收,M99L2 廢棄物處理
8440,35,M99L 資源回收,M99L1 貴金屬回收
8442,20,M99K 鞋及旅行箱,M99K 鞋及旅行箱
8443,18,M99K 鞋及旅行箱,M99K 鞋及旅行箱
8444,20,M99B 五金及家具,M99B 五金及家具
8446,32,M99Z 其他,M99ZX 其他服務
8450,32,M99H 電視廣播,M99H 電視廣播
8454,36,M23E 數位雲端,M23E1 電子商務
8455,31,M15A 機械,M15A1 工具機
8458,32,M99H 電視廣播,M99H 電視廣播
8462,37,M99Z 其他,M99ZX 其他服務
8463,20,M11A 水泥製造,M11A 水泥製造
8464,38,M99B 五金及家具,M99B 五金及家具
8466,20,M13B 塑膠製品,M13B 塑膠製品
8467,37,M99Z 其他,M99ZC 其他製造
8472,36,M23E 數位雲端,M23E1 電子商務
8473,35,M99L 資源回收,M99L2 廢棄物處理
8476,35,M99L 資源回收,M99L2 廢棄物處理
8477,36,M23E 數位雲端,M23E1 電子商務
8478,37,M22B 機車船製造,M22B1 船舶製造
8481,20,M99C 印刷,M99C 印刷
8482,38,M99B 五金及家具,M99B 五金及家具
8487,36,M99H 電視廣播,M99H 電視廣播
8488,20,M20B 金屬製品,M20B 金屬製品
8489,20,M99Z 其他,M99ZX 其他服務
8499,31,M23Z 其他電子,M23Z 其他電子
8905,20,M12A 罐頭加工,M12A 罐頭加工
8906,20,M99C 印刷,M99C 印刷
8908,23,M99D 公用事業,M99D2 天然氣
8916,20,M14C 成衣,M14C1 成衣製造
8917,23,M99D 公用事業,M99D2 天然氣
8921,20,M99C 印刷,M99C 印刷
8923,32,M99F 平媒電子報,M99F 平媒電子報
8924,37,M99Z 其他,M99Z2 高爾夫用品
8926,23,M99D 公用事業,M99D3 汽電共生
8927,23,M99D 公用事業,M99D1 加油站
8928,37,M99Z 其他,M99Z2 高爾夫用品
8929,20,M14F 不織布,M14F 不織布
8930,10,M20B 金屬製品,M20B 金屬製品
8931,23,M99D 公用事業,M99D3 汽電共生
8932,20,M14Z 其他紡織,M14Z 其他紡織
8933,37,M99Z 其他,M99Z1 自行健行車
8935,20,M13B 塑膠製品,M13B 塑膠製品
8936,20,M20B 金屬製品,M20B 金屬製品
8937,20,M22A 汽車製造,M22A 汽車製造
8938,37,M99Z 其他,M99Z2 高爾夫用品
8940,16,M27A 餐飲飯店,M27A2 餐飲
8941,38,M99B 五金及家具,M99B 五金及家具
8942,20,M13A 石化,M13A8 塑膠加工
8996,05,M15Z 其他電製品,M15Z 其他電製品
8999,20,M13B 塑膠製品,M13B 塑膠製品
9103,91,M17G 醫療耗材,M17G9 其他醫材
910322,91,M12Z 其他食品,M12Z 其他食品
9105,91,M23C 光電及I/O,M23C3 3C週邊
910861,91,M23X 資訊服務,M23X1 系統整合
9110,91,M22B 機車船製造,M22B2 機車製造
911608,91,M29B 貿易,M29B 貿易
911622,91,M20A 基本金屬,M20A1 線材
911868,91,M23C 光電及I/O,M23C6C 封裝及模組
912000,91,M23K 通信網路,M23K4 網通設備
9136,91,M23D 電子零組件,M23D4 機殼
9802,37,M99K 鞋及旅行箱,M99K 鞋及旅行箱
9902,20,M99Z 其他,M99ZC 其他製造
9904,37,M99K 鞋及旅行箱,M99K 鞋及旅行箱
9905,20,M20B 金屬製品,M20B 金屬製品
9906,14,M25A 建設,M25A 建設
9907,20,M20B 金屬製品,M20B 金屬製品
9908,23,M99D 公用事業,M99D2 天然氣
9910,37,M99K 鞋及旅行箱,M99K 鞋及旅行箱
9911,38,M99B 五金及家具,M99B 五金及家具
9912,25,M23C 光電及I/O,M23C1 顯示器
9914,37,M99Z 其他,M99Z1 自行健行車
9917,20,M99I 保全,M99I 保全
9918,23,M99D 公用事業,M99D2 天然氣
9919,20,M14F 不織布,M14F 不織布
9921,37,M99Z 其他,M99Z1 自行健行車
9924,38,M99B 五金及家具,M99B 五金及家具
9925,20,M99I 保全,M99I 保全
9926,23,M99D 公用事業,M99D2 天然氣
9927,20,M20A 基本金屬,M20A5 鋁鋅
9928,20,M99H 電視廣播,M99H 電視廣播
9929,20,M99C 印刷,M99C 印刷
9930,35,M11C 其他水泥,M11C 其他水泥
9931,23,M99D 公用事業,M99D2 天然氣
9933,20,M25C 工程承攬,M25C 工程承攬
9934,38,M99B 五金及家具,M99B 五金及家具
9935,38,M99B 五金及家具,M99B 五金及家具
9937,23,M99D 公用事業,M99D1 加油站
9938,20,M14Z 其他紡織,M14Z 其他紡織
9939,20,M13B 塑膠製品,M13B 塑膠製品
9940,20,M25D 仲介建經,M25D 仲介建經
9941,20,M28K 租賃,M28K 租賃
9942,20,M15D 汽車組件,M15D 汽車組件
9943,16,M27B 觀光遊樂區,M27B 觀光遊樂區
9944,20,M14F 不織布,M14F 不織布
9945,20,M25A 建設,M25A 建設
9946,14,M25A 建設,M25A 建設
9949,32,M18 玻璃陶瓷,M18 玻璃陶瓷
9950,03,M99K 鞋及旅行箱,M99K 鞋及旅行箱
9951,05,M15D 汽車組件,M15D 汽車組件
9955,35,M99L 資源回收,M99L1 貴金屬回收
9957,10,M20A 基本金屬,M20A6 不鏽鋼
9958,10,M20A 基本金屬,M20A2 鋼筋
9960,37,M29A 百貨批發,M29A9 其他零售
9962,10,M20A 基本金屬,M20A6 不鏽鋼
